year,country_gaining,iso3c_gaining,country_losing,iso3c_losing,type,pop,area
1816,ARGENTINA,ARG,SPAIN,ESP,"UNKNOWN PROCESS
(OFTEN INDEPENDENCES)",1970000,2093164.00
1816,UNITED KINGDOM,GBR,NEPAL,NPL,"CESSION
(PART YIELDED TO OTHER ENTITY)",.,1.00
1816,UNITED KINGDOM,GBR,,,"CESSION
(PART YIELDED TO OTHER ENTITY)",.,179.00
1817,FRANCE,FRA,UNITED KINGDOM,GBR,"CESSION
(PART YIELDED TO OTHER ENTITY)",100000,7819.00
1817,RUSSIA,RUS,,,"CONQUEST
(ARMED FORCE)",.,650.00
1818,UNITED STATES,USA,UNITED KINGDOM,GBR,"CESSION
(PART YIELDED TO OTHER ENTITY)",.,84240.00
1818,CHILE,CHL,SPAIN,ESP,"UNKNOWN PROCESS
(OFTEN INDEPENDENCES)",1656300,464568.00
1818,UNITED KINGDOM,GBR,UNITED STATES,USA,"CESSION
(PART YIELDED TO OTHER ENTITY)",.,41600.00
1818,UNITED KINGDOM,GBR,,,"CONQUEST
(ARMED FORCE)",.,421200.00
1818,UNITED KINGDOM,GBR,,,"ANNEXATION
(UNILATERAL)",.,16.00
1818,TURKEY,TUR,,,"CESSION
(PART YIELDED TO OTHER ENTITY)",.,388500.00
1819,UNITED STATES,USA,SPAIN,ESP,"CESSION
(PART YIELDED TO OTHER ENTITY)",54477,186488.00
1819,COLOMBIA,COL,SPAIN,ESP,"UNKNOWN PROCESS
(OFTEN INDEPENDENCES)",1400000,660760.00
1819,FRANCE,FRA,MADAGASCAR,MDG,"ANNEXATION
(UNILATERAL)",.,1.00
1821,DOMINICAN REPUBLIC,DOM,SPAIN,ESP,"UNKNOWN PROCESS
(OFTEN INDEPENDENCES)",89000,48734.00
1821,MEXICO,MEX,SPAIN,ESP,"UNKNOWN PROCESS
(OFTEN INDEPENDENCES)",7000000,1426757.00
1821,COLOMBIA,COL,SPAIN,ESP,"CONQUEST
(ARMED FORCE)",800000,1082207.00
1821,PERU,PER,SPAIN,ESP,"UNKNOWN PROCESS
(OFTEN INDEPENDENCES)",1929300,1559891.00
1821,PORTUGAL,PRT,SPAIN,ESP,"CESSION
(PART YIELDED TO OTHER ENTITY)",70000,269810.00
1822,COLOMBIA,COL,SPAIN,ESP,"CONQUEST
(ARMED FORCE)",600000,550685.00
1822,TURKEY,TUR,,,"CONQUEST
(ARMED FORCE)",100000,229471.00
1824,BRAZIL,BRA,PORTUGAL,PRT,"UNKNOWN PROCESS
(OFTEN INDEPENDENCES)",5306418,8259504.00
1824,UNITED KINGDOM,GBR,,,"CESSION
(PART YIELDED TO OTHER ENTITY)",10000,583.00
1824,UNITED KINGDOM,GBR,NETHERLANDS,NLD,"CESSION
(PART YIELDED TO OTHER ENTITY)",77756,1658.00
1824,NETHERLANDS,NLD,UNITED KINGDOM,GBR,"CESSION
(PART YIELDED TO OTHER ENTITY)",93875,25089.00
1825,BOLIVIA,BOL,SPAIN,ESP,"UNKNOWN PROCESS
(OFTEN INDEPENDENCES)",1750000,3016000.00
1825,UNITED KINGDOM,GBR,,,"ANNEXATION
(UNILATERAL)",0,48.00
1825,MADAGASCAR,MDG,FRANCE,FRA,"CONQUEST
(ARMED FORCE)",.,1.00
1825,TUNISIA,TUN,TURKEY,TUR,"SECESSION
(ESTABLISH NEW INDEP. ENTITIES)",875000,116348.00
1826,UNITED KINGDOM,GBR,,,"ANNEXATION
(UNILATERAL)",.,200000.00
1826,UNITED KINGDOM,GBR,MYANMAR (BURMA),MMR,"CONQUEST
(ARMED FORCE)",1222998,169098.00
1826,UNITED KINGDOM,GBR,,,"CESSION
(PART YIELDED TO OTHER ENTITY)",.,1.00
1828,URUGUAY,URY,BRAZIL,BRA,"SECESSION
(ESTABLISH NEW INDEP. ENTITIES)",70000,269810.00
1828,NETHERLANDS,NLD,,,"CONQUEST
(ARMED FORCE)",200000,412781.00
1828,GREECE,GRC,TURKEY,TUR,"SECESSION
(ESTABLISH NEW INDEP. ENTITIES)",637700,39510.00
1828,RUSSIA,RUS,IRAN,IRN,"CESSION
(PART YIELDED TO OTHER ENTITY)",.,29800.00
1829,UNITED KINGDOM,GBR,SPAIN,ESP,"CESSION
(PART YIELDED TO OTHER ENTITY)",2300,2034.00
1829,RUSSIA,RUS,TURKEY,TUR,"CESSION
(PART YIELDED TO OTHER ENTITY)",.,8580.00
1829,RUSSIA,RUS,,,"CONQUEST
(ARMED FORCE)",.,4680.00
1830,BELGIUM,BEL,NETHERLANDS,NLD,"SECESSION
(ESTABLISH NEW INDEP. ENTITIES)",3533538,27407.00
1830,FRANCE,FRA,TURKEY,TUR,"CONQUEST
(ARMED FORCE)",73200,275317.00
1830,RUSSIA,RUS,,,"CONQUEST
(ARMED FORCE)",.,9360.00
1832,COLOMBIA,COL,ECUADOR,ECU,"CESSION
(PART YIELDED TO OTHER ENTITY)",276249,140976.00
1833,UNITED KINGDOM,GBR,ARGENTINA,ARG,"ANNEXATION
(UNILATERAL)",20,11961.00
1835,UNITED KINGDOM,GBR,,,"ANNEXATION
(UNILATERAL)",.,1.00
1836,,,MEXICO,MEX,"SECESSION
(ESTABLISH NEW INDEP. ENTITIES)",38000,1010472.00
1839,PERU,PER,BOLIVIA,BOL,"SECESSION
(ESTABLISH NEW INDEP. ENTITIES)",1929300,1559891.00
1839,UNITED KINGDOM,GBR,,,"ANNEXATION
(UNILATERAL)",29730,207.00
1839,UNITED KINGDOM,GBR,,,"ANNEXATION
(UNILATERAL)",.,3016.00
1839,NETHERLANDS,NLD,,,"CESSION
(PART YIELDED TO OTHER ENTITY)",20978000,5560.00
1839,BELGIUM,BEL,NETHERLANDS,NLD,"CESSION
(PART YIELDED TO OTHER ENTITY)",171572,2416.00
1839,BELGIUM,BEL,NETHERLANDS,NLD,"CESSION
(PART YIELDED TO OTHER ENTITY)",176493,4408.00
1840,UNITED KINGDOM,GBR,,,"ANNEXATION
(UNILATERAL)",31907,268676.00
1840,PORTUGAL,PRT,,,"ANNEXATION
(UNILATERAL)",.,140000.00
1841,FRANCE,FRA,,,"ANNEXATION
(UNILATERAL)",6888,373.00
1842,UNITED STATES,USA,UNITED KINGDOM,GBR,"CESSION
(PART YIELDED TO OTHER ENTITY)",.,18130.00
1842,UNITED KINGDOM,GBR,UNITED STATES,USA,"CESSION
(PART YIELDED TO OTHER ENTITY)",.,12950.00
1842,UNITED KINGDOM,GBR,CHINA,CHN,"CESSION
(PART YIELDED TO OTHER ENTITY)",33143,75.00
1842,FRANCE,FRA,,,"ANNEXATION
(UNILATERAL)",20200,1321.00
1843,UNITED KINGDOM,GBR,,,"ANNEXATION
(UNILATERAL)",1730323,126340.00
1843,UNITED KINGDOM,GBR,,,"CONQUEST
(ARMED FORCE)",121068,46620.00
1843,NETHERLANDS,NLD,,,"CESSION
(PART YIELDED TO OTHER ENTITY)",.,4748.00
1843,FRANCE,FRA,,,"CESSION
(PART YIELDED TO OTHER ENTITY)",.,6370.00
1843,SPAIN,ESP,UNITED KINGDOM,GBR,"CESSION
(PART YIELDED TO OTHER ENTITY)",18000,2034.00
1844,FRANCE,FRA,,,"CONQUEST
(ARMED FORCE)",9000,1595.00
1845,UNITED STATES,USA,,,"ANNEXATION
(UNILATERAL)",35162,1010472.00
1845,FRANCE,FRA,,,"CESSION
(PART YIELDED TO OTHER ENTITY)",.,66914.00
1846,UNITED STATES,USA,UNITED KINGDOM,GBR,"CESSION
(PART YIELDED TO OTHER ENTITY)",13323,739652.00
1846,UNITED KINGDOM,GBR,UNITED STATES,USA,"CESSION
(PART YIELDED TO OTHER ENTITY)",89000,429536.00
1846,AUSTRIA-HUNGARY,,,,"ANNEXATION
(UNILATERAL)",141202,1158.00
1847,UNITED KINGDOM,GBR,BRUNEI,BRN,"CESSION
(PART YIELDED TO OTHER ENTITY)",1385,91.00
1847,UNITED KINGDOM,GBR,,,"CONQUEST
(ARMED FORCE)",.,1.00
1847,FRANCE,FRA,,,"CONQUEST
(ARMED FORCE)",.,200000.00
1847,TUSCANY,,,,"ANNEXATION
(UNILATERAL)",168198,1127.00
1848,UNITED STATES,USA,MEXICO,MEX,"CESSION
(PART YIELDED TO OTHER ENTITY)",295574,1370153.00
1849,UNITED KINGDOM,GBR,,,"CONQUEST
(ARMED FORCE)",9153209,151536.00
1849,UNITED KINGDOM,GBR,,,"CESSION
(PART YIELDED TO OTHER ENTITY)",3000000,259000.00
1849,FRANCE,FRA,,,"ANNEXATION
(UNILATERAL)",.,19500.00
1849,GERMANY,DEU,,,"UNIFICATION
(NEW ENTITY FROM 2+ PRE-EXISTING)",65574,1173.00
1850,UNITED KINGDOM,GBR,DENMARK,DNK,"CESSION
(PART YIELDED TO OTHER ENTITY)",40000,40.00
1851,BRAZIL,BRA,URUGUAY,URY,"CESSION
(PART YIELDED TO OTHER ENTITY)",.,104000.00
1851,UNITED KINGDOM,GBR,,,"ANNEXATION
(UNILATERAL)",.,8.00
1851,NETHERLANDS,NLD,PORTUGAL,PRT,"CESSION
(PART YIELDED TO OTHER ENTITY)",.,1.00
1852,UNITED KINGDOM,GBR,MYANMAR (BURMA),MMR,"CONQUEST
(ARMED FORCE)",870180,83657.00
1852,,,UNITED KINGDOM,GBR,"UNKNOWN PROCESS
(OFTEN INDEPENDENCES)",300000,286065.00
1853,UNITED STATES,USA,MEXICO,MEX,"CESSION
(PART YIELDED TO OTHER ENTITY)",96000,76768.00
1853,FRANCE,FRA,,,"CONQUEST
(ARMED FORCE)",60000,16112.00
1853,RUSSIA,RUS,,,"ANNEXATION
(UNILATERAL)",.,66120.00
1854,UNITED KINGDOM,GBR,OMAN,OMN,"CESSION
(PART YIELDED TO OTHER ENTITY)",350000,73.00
1854,RUSSIA,RUS,,,"CONQUEST
(ARMED FORCE)",.,1820000.00
1854,,,UNITED KINGDOM,GBR,"UNKNOWN PROCESS
(OFTEN INDEPENDENCES)",245000,129153.00
1855,EGYPT,EGY,TURKEY,TUR,"SECESSION
(ESTABLISH NEW INDEP. ENTITIES)",600000,1021081.00
1856,TURKEY,TUR,RUSSIA,RUS,"CESSION
(PART YIELDED TO OTHER ENTITY)",.,12264.00
1856,TURKEY,TUR,RUSSIA,RUS,"CESSION
(PART YIELDED TO OTHER ENTITY)",.,18557.00
1857,UNITED KINGDOM,GBR,,,"ANNEXATION
(UNILATERAL)",400,13.00
1858,UNITED STATES,USA,,,"ANNEXATION
(UNILATERAL)",0,1.00
1858,FRANCE,FRA,,,"ANNEXATION
(UNILATERAL)",0,5.00
1858,RUSSIA,RUS,,,"CONQUEST
(ARMED FORCE)",.,520.00
1858,RUSSIA,RUS,CHINA,CHN,"CESSION
(PART YIELDED TO OTHER ENTITY)",40000,282473.00
1859,HONDURAS,HND,UNITED KINGDOM,GBR,"CESSION
(PART YIELDED TO OTHER ENTITY)",.,33701.00
1859,BRAZIL,BRA,VENEZUELA,VEN,"CESSION
(PART YIELDED TO OTHER ENTITY)",.,156000.00
1859,NETHERLANDS,NLD,PORTUGAL,PRT,"CESSION
(PART YIELDED TO OTHER ENTITY)",1057800,15850.00
1859,PORTUGAL,PRT,NETHERLANDS,NLD,"CESSION
(PART YIELDED TO OTHER ENTITY)",850300,18989.00
1859,ITALY,ITA,AUSTRIA-HUNGARY,,"CESSION
(PART YIELDED TO OTHER ENTITY)",3009505,21595.00
1859,RUSSIA,RUS,,,"CONQUEST
(ARMED FORCE)",.,12480.00
1860,NICARAGUA,NIC,UNITED KINGDOM,GBR,"CESSION
(PART YIELDED TO OTHER ENTITY)",.,21367.00
1860,UNITED KINGDOM,GBR,CHINA,CHN,"CESSION
(PART YIELDED TO OTHER ENTITY)",.,6.00
1860,FRANCE,FRA,,,"CONQUEST
(ARMED FORCE)",.,39000.00
1860,FRANCE,FRA,ITALY,ITA,"CESSION
(PART YIELDED TO OTHER ENTITY)",.,14778.00
1860,SPAIN,ESP,MOROCCO,MAR,"ANNEXATION
(UNILATERAL)",.,1505.00
1860,ITALY,ITA,MODENA,,"UNIFICATION
(NEW ENTITY FROM 2+ PRE-EXISTING)",598996,6031.00
1860,ITALY,ITA,PARMA,,"UNIFICATION
(NEW ENTITY FROM 2+ PRE-EXISTING)",495840,6221.00
1860,ITALY,ITA,TUSCANY,,"UNIFICATION
(NEW ENTITY FROM 2+ PRE-EXISTING)",1783279,22163.00
1860,ITALY,ITA,TWO SICILIES,,"UNIFICATION
(NEW ENTITY FROM 2+ PRE-EXISTING)",8703130,11950.00
1860,ITALY,ITA,VATICAN CITY,VAT,"UNIFICATION
(NEW ENTITY FROM 2+ PRE-EXISTING)",3124668,41445.00
1860,RUSSIA,RUS,CHINA,CHN,"CESSION
(PART YIELDED TO OTHER ENTITY)",.,234000.00
1861,UNITED KINGDOM,GBR,,,"CESSION
(PART YIELDED TO OTHER ENTITY)",115000,12950.00
1861,UNITED KINGDOM,GBR,,,"ANNEXATION
(UNILATERAL)",.,1.00
1861,FRANCE,FRA,MONACO,MCO,"ANNEXATION
(UNILATERAL)",.,2.00
1861,SPAIN,ESP,DOMINICAN REPUBLIC,DOM,"ANNEXATION
(UNILATERAL)",200000,48734.00
1862,UNITED KINGDOM,GBR,BAHRAIN,BHR,"ANNEXATION
(UNILATERAL)",.,598.00
1862,FRANCE,FRA,,,"CESSION
(PART YIELDED TO OTHER ENTITY)",22730,6000.00
1862,FRANCE,FRA,,,"CESSION
(PART YIELDED TO OTHER ENTITY)",502116,22380.00
1863,UNITED STATES,USA,HONDURAS,HND,"ANNEXATION
(UNILATERAL)",.,5.00
1863,FRANCE,FRA,,,"CESSION
(PART YIELDED TO OTHER ENTITY)",20000,520.00
1863,FRANCE,FRA,CAMBODIA,KHM,"ANNEXATION
(UNILATERAL)",1000000,83861.00
1864,FRANCE,FRA,,,"ANNEXATION
(UNILATERAL)",15000,1958.00
1864,GERMANY,DEU,DENMARK,DNK,"CESSION
(PART YIELDED TO OTHER ENTITY)",50147,1046.00
1864,GERMANY,DEU,DENMARK,DNK,"CESSION
(PART YIELDED TO OTHER ENTITY)",409907,9194.00
1864,AUSTRIA-HUNGARY,,DENMARK,DNK,"CESSION
(PART YIELDED TO OTHER ENTITY)",544419,8534.00
1864,GREECE,GRC,UNITED KINGDOM,GBR,"CESSION
(PART YIELDED TO OTHER ENTITY)",234123,2608.00
1864,RUSSIA,RUS,,,"CONQUEST
(ARMED FORCE)",.,36400.00
1865,DOMINICAN REPUBLIC,DOM,SPAIN,ESP,"UNKNOWN PROCESS
(OFTEN INDEPENDENCES)",200000,48734.00
1865,UNITED KINGDOM,GBR,BHUTAN,BTN,"ANNEXATION
(UNILATERAL)",.,8889.00
1866,CHILE,CHL,BOLIVIA,BOL,"CESSION
(PART YIELDED TO OTHER ENTITY)",.,42896.00
1866,GERMANY,DEU,AUSTRIA-HUNGARY,,"CONQUEST
(ARMED FORCE)",544419,8537.00
1866,GERMANY,DEU,,,"ANNEXATION
(UNILATERAL)",457571,4709.00
1866,GERMANY,DEU,,,"ANNEXATION
(UNILATERAL)",87518,101.00
1866,GERMANY,DEU,HANOVER,,"CONQUEST
(ARMED FORCE)",1923492,38474.00
1866,GERMANY,DEU,HESSE ELECTORAL,,"ANNEXATION
(UNILATERAL)",745063,9586.00
1866,ITALY,ITA,AUSTRIA-HUNGARY,,"CESSION
(PART YIELDED TO OTHER ENTITY)",2458989,25145.00
1867,UNITED STATES,USA,,,"ANNEXATION
(UNILATERAL)",0,5.00
1867,UNITED STATES,USA,RUSSIA,RUS,"CESSION
(PART YIELDED TO OTHER ENTITY)",54000,1518775.00
1867,BRAZIL,BRA,BOLIVIA,BOL,"CESSION
(PART YIELDED TO OTHER ENTITY)",.,162500.00
1867,LUXEMBOURG,LUX,NETHERLANDS,NLD,"SECESSION
(ESTABLISH NEW INDEP. ENTITIES)",203851,2567.00
1867,FRANCE,FRA,,,"CONQUEST
(ARMED FORCE)",477000,33864.00
1867,GERMANY,DEU,,,"UNIFICATION
(NEW ENTITY FROM 2+ PRE-EXISTING)",295242,6291.00
1867,GERMANY,DEU,,,"UNIFICATION
(NEW ENTITY FROM 2+ PRE-EXISTING)",98575,192.00
1867,GERMANY,DEU,,,"UNIFICATION
(NEW ENTITY FROM 2+ PRE-EXISTING)",49482,329.00
1867,GERMANY,DEU,,,"UNIFICATION
(NEW ENTITY FROM 2+ PRE-EXISTING)",99060,2725.00
1867,GERMANY,DEU,,,"UNIFICATION
(NEW ENTITY FROM 2+ PRE-EXISTING)",229941,352.00
1867,GERMANY,DEU,,,"UNIFICATION
(NEW ENTITY FROM 2+ PRE-EXISTING)",139287,1577.00
1867,GERMANY,DEU,,,"UNIFICATION
(NEW ENTITY FROM 2+ PRE-EXISTING)",58604,1121.00
1867,GERMANY,DEU,,,"UNIFICATION
(NEW ENTITY FROM 2+ PRE-EXISTING)",181824,2383.00
1867,GERMANY,DEU,,,"UNIFICATION
(NEW ENTITY FROM 2+ PRE-EXISTING)",742907,9407.00
1867,GERMANY,DEU,,,"UNIFICATION
(NEW ENTITY FROM 2+ PRE-EXISTING)",282400,3691.00
1867,GERMANY,DEU,SAXONY,,"UNIFICATION
(NEW ENTITY FROM 2+ PRE-EXISTING)",2337192,14939.00
1867,GERMANY,DEU,HESSE GRAND DUCAL,,"UNIFICATION
(NEW ENTITY FROM 2+ PRE-EXISTING)",853315,8386.00
1867,GERMANY,DEU,MECKLENBURG SCHWERIN,,"UNIFICATION
(NEW ENTITY FROM 2+ PRE-EXISTING)",552612,13442.00
1867,THAILAND,THA,FRANCE,FRA,"CESSION
(PART YIELDED TO OTHER ENTITY)",.,35641.00
1868,UNITED KINGDOM,GBR,LESOTHO,LSO,"ANNEXATION
(UNILATERAL)",127700,21885.00
1868,RUSSIA,RUS,TAJIKISTAN,TJK,"CONQUEST
(ARMED FORCE)",2000000,156000.00
1869,UNITED KINGDOM,GBR,,,"ANNEXATION
(UNILATERAL)",.,1645.00
1869,ITALY,ITA,,,"CESSION
(PART YIELDED TO OTHER ENTITY)",1193,629.00
1870,BRAZIL,BRA,PARAGUAY,PRY,"CESSION
(PART YIELDED TO OTHER ENTITY)",.,65000.00
1874,ARGENTINA,ARG,PARAGUAY,PRY,"CESSION
(PART YIELDED TO OTHER ENTITY)",.,117000.00
1870,FRANCE,FRA,,,"CONQUEST
(ARMED FORCE)",.,400000.00
1870,ITALY,ITA,VATICAN CITY,VAT,"UNIFICATION
(NEW ENTITY FROM 2+ PRE-EXISTING)",723161,11790.00
1871,UNITED KINGDOM,GBR,NETHERLANDS,NLD,"CESSION
(PART YIELDED TO OTHER ENTITY)",120000,27534.00
1871,UNITED KINGDOM,GBR,,,"ANNEXATION
(UNILATERAL)",25477,46102.00
1871,GERMANY,DEU,FRANCE,FRA,"CESSION
(PART YIELDED TO OTHER ENTITY)",1549459,14452.00
1871,GERMANY,DEU,BADEN,,"UNIFICATION
(NEW ENTITY FROM 2+ PRE-EXISTING)",1434970,15311.00
1871,GERMANY,DEU,WUERTTEMBURG,,"UNIFICATION
(NEW ENTITY FROM 2+ PRE-EXISTING)",1778479,50526.00
1871,GERMANY,DEU,BAVARIA,,"UNIFICATION
(NEW ENTITY FROM 2+ PRE-EXISTING)",4824421,76073.00
1871,RUSSIA,RUS,CHINA,CHN,"ANNEXATION
(UNILATERAL)",.,42900.00
1871,TURKEY,TUR,,,"CONQUEST
(ARMED FORCE)",.,104338.00
1872,UNITED STATES,USA,UNITED KINGDOM,GBR,"CESSION
(PART YIELDED TO OTHER ENTITY)",.,.
1872,TURKEY,TUR,QATAR,QAT,"ANNEXATION
(UNILATERAL)",22500,11000.00
1872,TURKEY,TUR,YEMEN ARAB REPUBLIC,,"CONQUEST
(ARMED FORCE)",2000000,195000.00
1873,RUSSIA,RUS,,,"CONQUEST
(ARMED FORCE)",.,228800.00
1873,RUSSIA,RUS,KYRGYZSTAN,KGZ,"CONQUEST
(ARMED FORCE)",110000,92463.00
1873,JAPAN,JPN,,,"ANNEXATION
(UNILATERAL)",.,104.00
1874,UNITED KINGDOM,GBR,FIJI,FJI,"ANNEXATION
(UNILATERAL)",148040,18272.00
1874,UNITED KINGDOM,GBR,,,"ANNEXATION
(UNILATERAL)",.,29068.00
1874,FRANCE,FRA,,,"CONQUEST
(ARMED FORCE)",477000,33864.00
1874,EGYPT,EGY,,,"CONQUEST
(ARMED FORCE)",11000000,2658063.00
1875,PORTUGAL,PRT,UNITED KINGDOM,GBR,"CESSION
(PART YIELDED TO OTHER ENTITY)",.,650.00
1875,RUSSIA,RUS,JAPAN,JPN,"CESSION
(PART YIELDED TO OTHER ENTITY)",2358,32348.00
1875,TURKEY,TUR,,,"CONQUEST
(ARMED FORCE)",.,107120.00
1875,JAPAN,JPN,RUSSIA,RUS,"CESSION
(PART YIELDED TO OTHER ENTITY)",72,4973.00
1876,UNITED KINGDOM,GBR,AFGHANISTAN,AFG,"ANNEXATION
(UNILATERAL)",27270,.
1876,RUSSIA,RUS,TURKMENISTAN,TKM,"CONQUEST
(ARMED FORCE)",.,728000.00
1877,UNITED KINGDOM,GBR,,,"ANNEXATION
(UNILATERAL)",800,969.00
1877,UNITED KINGDOM,GBR,,,"ANNEXATION
(UNILATERAL)",815000,285363.00
1877,UNITED KINGDOM,GBR,,,"CESSION
(PART YIELDED TO OTHER ENTITY)",.,6.00
1878,PARAGUAY,PRY,ARGENTINA,ARG,"CESSION
(PART YIELDED TO OTHER ENTITY)",10,1.00
1878,UNITED KINGDOM,GBR,TURKEY,TUR,"CESSION
(PART YIELDED TO OTHER ENTITY)",186084,9251.00
1878,UNITED KINGDOM,GBR,,,"CONQUEST
(ARMED FORCE)",.,1.00
1878,AUSTRIA-HUNGARY,,TURKEY,TUR,"MANDATED TERRITORY
(BY LEAGUE OF NATIONS OR UN)",862202,42520.00
1878,AUSTRIA-HUNGARY,,TURKEY,TUR,"MANDATED TERRITORY
(BY LEAGUE OF NATIONS OR UN)",349970,20280.00
1878,AUSTRIA-HUNGARY,,TURKEY,TUR,"CESSION
(PART YIELDED TO OTHER ENTITY)",2000,35.00
1878,YUGOSLAVIA,,TURKEY,TUR,"SECESSION
(ESTABLISH NEW INDEP. ENTITIES)",1352522,42994.00
1878,YUGOSLAVIA,,TURKEY,TUR,"CESSION
(PART YIELDED TO OTHER ENTITY)",222732,11097.00
1878,MONTENEGRO,MNE,TURKEY,TUR,"SECESSION
(ESTABLISH NEW INDEP. ENTITIES)",195585,4584.00
1878,MONTENEGRO,MNE,TURKEY,TUR,"CESSION
(PART YIELDED TO OTHER ENTITY)",100000,4610.00
1878,ROMANIA,ROU,TURKEY,TUR,"SECESSION
(ESTABLISH NEW INDEP. ENTITIES)",5073000,118213.00
1878,ROMANIA,ROU,TURKEY,TUR,"CESSION
(PART YIELDED TO OTHER ENTITY)",357000,15372.00
1878,RUSSIA,RUS,ROMANIA,ROU,"CESSION
(PART YIELDED TO OTHER ENTITY)",127000,9274.00
1878,RUSSIA,RUS,TURKEY,TUR,"CESSION
(PART YIELDED TO OTHER ENTITY)",236600,25769.00
1879,ARGENTINA,ARG,,,"CONQUEST
(ARMED FORCE)",24000,669972.00
1879,EGYPT,EGY,ETHIOPIA,ETH,"CONQUEST
(ARMED FORCE)",325000,468000.00
1880,FRANCE,FRA,,,"ANNEXATION
(UNILATERAL)",793,209.00
1880,FRANCE,FRA,,,"CESSION
(PART YIELDED TO OTHER ENTITY)",5000000,540000.00
1880,MONTENEGRO,MNE,TURKEY,TUR,"CESSION
(PART YIELDED TO OTHER ENTITY)",.,520.00
1880,,,UNITED KINGDOM,GBR,"UNKNOWN PROCESS
(OFTEN INDEPENDENCES)",815000,285363.00
1880,TURKEY,TUR,MONTENEGRO,MNE,"CESSION
(PART YIELDED TO OTHER ENTITY)",200,1.00
1881,CHILE,CHL,ARGENTINA,ARG,"CESSION
(PART YIELDED TO OTHER ENTITY)",.,1.00
1881,ARGENTINA,ARG,CHILE,CHL,"CESSION
(PART YIELDED TO OTHER ENTITY)",10,1.00
1881,FRANCE,FRA,,,"ANNEXATION
(UNILATERAL)",5469,1000.00
1881,FRANCE,FRA,TUNISIA,TUN,"CONQUEST
(ARMED FORCE)",2100000,116348.00
1881,GREECE,GRC,TURKEY,TUR,"CESSION
(PART YIELDED TO OTHER ENTITY)",293000,13364.00
1881,RUSSIA,RUS,,,"ANNEXATION
(UNILATERAL)",.,4680.00
1881,CHINA,CHN,RUSSIA,RUS,"CESSION
(PART YIELDED TO OTHER ENTITY)",.,42900.00
1882,UNITED KINGDOM,GBR,EGYPT,EGY,"CONQUEST
(ARMED FORCE)",6806381,1021081.00
1883,CHILE,CHL,PERU,PER,"CONQUEST
(ARMED FORCE)",20000,51480.00
1883,FRANCE,FRA,,,"ANNEXATION
(UNILATERAL)",.,500.00
1883,FRANCE,FRA,,,"ANNEXATION
(UNILATERAL)",9000000,90000.00
1884,CHILE,CHL,BOLIVIA,BOL,"CONQUEST
(ARMED FORCE)",14000,50215.00
1884,UNITED KINGDOM,GBR,,,"CESSION
(PART YIELDED TO OTHER ENTITY)",.,19500.00
1884,UNITED KINGDOM,GBR,,,"ANNEXATION
(UNILATERAL)",.,3250.00
1884,UNITED KINGDOM,GBR,,,"CONQUEST
(ARMED FORCE)",137500,234654.00
1884,UNITED KINGDOM,GBR,,,"CONQUEST
(ARMED FORCE)",153800,192000.00
1884,FRANCE,FRA,,,"CONQUEST
(ARMED FORCE)",180000,16000.00
1884,GERMANY,DEU,,,"CONQUEST
(ARMED FORCE)",250000,822907.00
1884,GERMANY,DEU,,,"CONQUEST
(ARMED FORCE)",500000,41440.00
1884,GERMANY,DEU,,,"CONQUEST
(ARMED FORCE)",297000,240870.00
1884,GERMANY,DEU,,,"CONQUEST
(ARMED FORCE)",2600000,336700.00
1884,ETHIOPIA,ETH,EGYPT,EGY,"CESSION
(PART YIELDED TO OTHER ENTITY)",.,468000.00
1884,SUDAN,SDN,UNITED KINGDOM,GBR,"UNKNOWN PROCESS
(OFTEN INDEPENDENCES)",11000000,2658063.00
1885,UNITED KINGDOM,GBR,,,"ANNEXATION
(UNILATERAL)",44135,440300.00
1885,UNITED KINGDOM,GBR,,,"CONQUEST
(ARMED FORCE)",24000000,898000.00
1885,UNITED KINGDOM,GBR,,,"ANNEXATION
(UNILATERAL)",44135,133722.00
1885,FRANCE,FRA,MADAGASCAR,MDG,"CESSION
(PART YIELDED TO OTHER ENTITY)",12237,250.00
1885,FRANCE,FRA,,,"CESSION
(PART YIELDED TO OTHER ENTITY)",.,200742.00
1885,SPAIN,ESP,,,"CONQUEST
(ARMED FORCE)",139000,26017.00
1885,SPAIN,ESP,,,"CONQUEST
(ARMED FORCE)",100000,266000.00
1885,PORTUGAL,PRT,BELGIUM,BEL,"CESSION
(PART YIELDED TO OTHER ENTITY)",.,7298.00
1885,GERMANY,DEU,,,"ANNEXATION
(UNILATERAL)",.,54222.00
1885,GERMANY,DEU,,,"ANNEXATION
(UNILATERAL)",10000,388.00
1885,GERMANY,DEU,,,"ANNEXATION
(UNILATERAL)",80000,22000.00
1885,GERMANY,DEU,,,"ANNEXATION
(UNILATERAL)",.,3120.00
1885,ITALY,ITA,,,"CONQUEST
(ARMED FORCE)",16000,100.00
1885,RUSSIA,RUS,,,"ANNEXATION
(UNILATERAL)",.,175000.00
1886,UNITED KINGDOM,GBR,MYANMAR (BURMA),MMR,"CONQUEST
(ARMED FORCE)",4000000,492000.00
1886,UNITED KINGDOM,GBR,,,"CESSION
(PART YIELDED TO OTHER ENTITY)",.,160000.00
1886,FRANCE,FRA,,,"ANNEXATION
(UNILATERAL)",47000,1782.00
1886,PORTUGAL,PRT,ZANZIBAR,,"CESSION
(PART YIELDED TO OTHER ENTITY)",.,6000.00
1887,UNITED KINGDOM,GBR,,,"ANNEXATION
(UNILATERAL)",160000,23051.00
1887,UNITED KINGDOM,GBR,,,"ANNEXATION
(UNILATERAL)",.,14763.00
1887,UNITED KINGDOM,GBR,,,"ANNEXATION
(UNILATERAL)",.,52.00
1887,UNITED KINGDOM,GBR,MALDIVES,MDV,"ANNEXATION
(UNILATERAL)",30000,298.00
1887,UNITED KINGDOM,GBR,ZANZIBAR,,"CESSION
(PART YIELDED TO OTHER ENTITY)",.,7020.00
1887,FRANCE,FRA,,,"ANNEXATION
(UNILATERAL)",.,14763.00
1887,FRANCE,FRA,,,"CESSION
(PART YIELDED TO OTHER ENTITY)",.,161.00
1888,CHILE,CHL,,,"ANNEXATION
(UNILATERAL)",175,119.00
1888,UNITED KINGDOM,GBR,,,"ANNEXATION
(UNILATERAL)",175000,76024.00
1888,UNITED KINGDOM,GBR,,,"ANNEXATION
(UNILATERAL)",.,155.00
1888,UNITED KINGDOM,GBR,BRUNEI,BRN,"ANNEXATION
(UNILATERAL)",45000,5765.00
1888,UNITED KINGDOM,GBR,,,"CONQUEST
(ARMED FORCE)",8400,241.00
1888,UNITED KINGDOM,GBR,,,"CONQUEST
(ARMED FORCE)",320000,48250.00
1888,UNITED KINGDOM,GBR,,,"ANNEXATION
(UNILATERAL)",.,36192.00
1888,FRANCE,FRA,,,"CONQUEST
(ARMED FORCE)",.,635821.00
1888,FRANCE,FRA,,,"CESSION
(PART YIELDED TO OTHER ENTITY)",.,114.00
1888,GERMANY,DEU,ZANZIBAR,,"CESSION
(PART YIELDED TO OTHER ENTITY)",.,52000.00
1888,GERMANY,DEU,,,"ANNEXATION
(UNILATERAL)",.,21.00
1889,UNITED KINGDOM,GBR,,,"ANNEXATION
(UNILATERAL)",845547,119311.00
1889,UNITED KINGDOM,GBR,,,"ANNEXATION
(UNILATERAL)",.,7334.00
1889,UNITED KINGDOM,GBR,ZANZIBAR,,"CESSION
(PART YIELDED TO OTHER ENTITY)",.,10000.00
1889,UNITED KINGDOM,GBR,,,"CESSION
(PART YIELDED TO OTHER ENTITY)",.,11000.00
1889,FRANCE,FRA,,,"ANNEXATION
(UNILATERAL)",2250000,322463.00
1889,ITALY,ITA,,,"CONQUEST
(ARMED FORCE)",194579,247300.00
1889,ITALY,ITA,ZANZIBAR,,"CONQUEST
(ARMED FORCE)",400000,259000.00
1890,UNITED KINGDOM,GBR,,,"ANNEXATION
(UNILATERAL)",.,48000.00
1890,UNITED KINGDOM,GBR,ZANZIBAR,,"ANNEXATION
(UNILATERAL)",150000,2642.00
1890,UNITED KINGDOM,GBR,GERMANY,DEU,"CESSION
(PART YIELDED TO OTHER ENTITY)",.,3120.00
1890,UNITED KINGDOM,GBR,ESWATINI,SWZ,"ANNEXATION
(UNILATERAL)",55000,17363.00
1890,UNITED KINGDOM,GBR,,,"CESSION
(PART YIELDED TO OTHER ENTITY)",30458,7298.00
1890,PORTUGAL,PRT,,,"ANNEXATION
(UNILATERAL)",.,468000.00
1890,GERMANY,DEU,UNITED KINGDOM,GBR,"CESSION
(PART YIELDED TO OTHER ENTITY)",2001,2.00
1890,GERMANY,DEU,UNITED KINGDOM,GBR,"CESSION
(PART YIELDED TO OTHER ENTITY)",.,18200.00
1890,GERMANY,DEU,,,"ANNEXATION
(UNILATERAL)",.,130000.00
1891,UNITED KINGDOM,GBR,,,"ANNEXATION
(UNILATERAL)",650000,624107.00
1891,BELGIUM,BEL,PORTUGAL,PRT,"CESSION
(PART YIELDED TO OTHER ENTITY)",.,1.00
1891,PORTUGAL,PRT,BELGIUM,BEL,"CESSION
(PART YIELDED TO OTHER ENTITY)",.,1.00
1892,UNITED KINGDOM,GBR,,,"ANNEXATION
(UNILATERAL)",37400,956.00
1892,UNITED KINGDOM,GBR,UNITED ARAB EMIRATES,ARE,"CESSION
(PART YIELDED TO OTHER ENTITY)",.,92100.00
1892,ITALY,ITA,UNITED KINGDOM,GBR,"CESSION
(PART YIELDED TO OTHER ENTITY)",.,10000.00
1893,UNITED KINGDOM,GBR,AFGHANISTAN,AFG,"CESSION
(PART YIELDED TO OTHER ENTITY)",.,104980.00
1893,UNITED KINGDOM,GBR,,,"ANNEXATION
(UNILATERAL)",.,21645.00
1893,UNITED KINGDOM,GBR,,,"CONQUEST
(ARMED FORCE)",609157,389362.00
1893,FRANCE,FRA,,,"CONQUEST
(ARMED FORCE)",.,842400.00
1893,FRANCE,FRA,LAOS,LAO,"CONQUEST
(ARMED FORCE)",600000,255000.00
1893,FRANCE,FRA,,,"ANNEXATION
(UNILATERAL)",0,6931.00
1893,,,UNITED KINGDOM,GBR,"CESSION
(PART YIELDED TO OTHER ENTITY)",55000,17363.00
1894,UNITED KINGDOM,GBR,,,"ANNEXATION
(UNILATERAL)",.,64999.00
1894,UNITED KINGDOM,GBR,,,"ANNEXATION
(UNILATERAL)",166080,10464.00
1894,FRANCE,FRA,BELGIUM,BEL,"CESSION
(PART YIELDED TO OTHER ENTITY)",.,1.00
1894,FRANCE,FRA,,,"CONQUEST
(ARMED FORCE)",600000,115760.00
1894,FRANCE,FRA,,,"CESSION
(PART YIELDED TO OTHER ENTITY)",.,622984.00
1894,ITALY,ITA,,,"CONQUEST
(ARMED FORCE)",.,1.00
1895,BRAZIL,BRA,PARAGUAY,PRY,"CESSION
(PART YIELDED TO OTHER ENTITY)",.,13000.00
1895,UNITED KINGDOM,GBR,,,"ANNEXATION
(UNILATERAL)",.,1560.00
1895,RUSSIA,RUS,AFGHANISTAN,AFG,"CESSION
(PART YIELDED TO OTHER ENTITY)",.,26000.00
1895,JAPAN,JPN,CHINA,CHN,"CONQUEST
(ARMED FORCE)",2781272,35763.00
1896,UNITED KINGDOM,GBR,,,"CONQUEST
(ARMED FORCE)",317964,100000.00
1896,UNITED KINGDOM,GBR,,,"ANNEXATION
(UNILATERAL)",.,19685.00
1896,UNITED KINGDOM,GBR,,,"CONQUEST
(ARMED FORCE)",.,24484.00
1896,UNITED KINGDOM,GBR,,,"ANNEXATION
(UNILATERAL)",1000000,71939.00
1896,FRANCE,FRA,MADAGASCAR,MDG,"CONQUEST
(ARMED FORCE)",3500000,590000.00
1897,MEXICO,MEX,FRANCE,FRA,"CONQUEST
(ARMED FORCE)",0,5.00
1897,UNITED KINGDOM,GBR,ITALY,ITA,"CESSION
(PART YIELDED TO OTHER ENTITY)",.,1.00
1897,UNITED KINGDOM,GBR,ETHIOPIA,ETH,"CESSION
(PART YIELDED TO OTHER ENTITY)",.,20720.00
1897,UNITED KINGDOM,GBR,,,"ANNEXATION
(UNILATERAL)",.,98080.00
1897,TURKEY,TUR,GREECE,GRC,"CESSION
(PART YIELDED TO OTHER ENTITY)",200,1.00
1898,UNITED STATES,USA,,,"ANNEXATION
(UNILATERAL)",.,8.00
1898,UNITED STATES,USA,,,"ANNEXATION
(UNILATERAL)",109020,16638.00
1898,UNITED STATES,USA,SPAIN,ESP,"CESSION
(PART YIELDED TO OTHER ENTITY)",9000,541.00
1898,UNITED STATES,USA,SPAIN,ESP,"CESSION
(PART YIELDED TO OTHER ENTITY)",7000000,299404.00
1898,UNITED STATES,USA,SPAIN,ESP,"CESSION
(PART YIELDED TO OTHER ENTITY)",953243,8860.00
1898,UNITED STATES,USA,SPAIN,ESP,"CESSION
(PART YIELDED TO OTHER ENTITY)",1572797,114525.00
1898,UNITED KINGDOM,GBR,CHINA,CHN,"CESSION
(PART YIELDED TO OTHER ENTITY)",150000,738.00
1898,UNITED KINGDOM,GBR,FRANCE,FRA,"CESSION
(PART YIELDED TO OTHER ENTITY)",.,71500.00
1898,UNITED KINGDOM,GBR,CHINA,CHN,"CESSION
(PART YIELDED TO OTHER ENTITY)",100000,953.00
1898,UNITED KINGDOM,GBR,,,"ANNEXATION
(UNILATERAL)",.,71728.00
1898,FRANCE,FRA,UNITED KINGDOM,GBR,"CESSION
(PART YIELDED TO OTHER ENTITY)",.,13000.00
1898,RUSSIA,RUS,CHINA,CHN,"CESSION
(PART YIELDED TO OTHER ENTITY)",250000,3170.00
1898,UNITED KINGDOM,GBR,TURKEY,TUR,"CONQUEST
(ARMED FORCE)",294190,8614.00
1899,UNITED STATES,USA,SAMOA,WSM,"CESSION
(PART YIELDED TO OTHER ENTITY)",4000,195.00
1899,VENEZUELA,VEN,UNITED KINGDOM,GBR,"CESSION
(PART YIELDED TO OTHER ENTITY)",.,1.00
1899,UNITED KINGDOM,GBR,GERMANY,DEU,"CESSION
(PART YIELDED TO OTHER ENTITY)",.,1.00
1899,UNITED KINGDOM,GBR,GERMANY,DEU,"CESSION
(PART YIELDED TO OTHER ENTITY)",89000,23310.00
1899,UNITED KINGDOM,GBR,VENEZUELA,VEN,"CESSION
(PART YIELDED TO OTHER ENTITY)",.,155400.00
1899,UNITED KINGDOM,GBR,KUWAIT,KWT,"ANNEXATION
(UNILATERAL)",50000,15540.00
1899,UNITED KINGDOM,GBR,SUDAN,SDN,"CONQUEST
(ARMED FORCE)",2000000,2505823.00
1899,FRANCE,FRA,,,"CONQUEST
(ARMED FORCE)",.,2394466.00
1899,GERMANY,DEU,UNITED KINGDOM,GBR,"CESSION
(PART YIELDED TO OTHER ENTITY)",.,1.00
1899,GERMANY,DEU,SPAIN,ESP,"CESSION
(PART YIELDED TO OTHER ENTITY)",15069,405.00
1899,GERMANY,DEU,SAMOA,WSM,"CESSION
(PART YIELDED TO OTHER ENTITY)",33000,2823.00
1900,UNITED KINGDOM,GBR,TONGA,TON,"ANNEXATION
(UNILATERAL)",26000,700.00
1900,RUSSIA,RUS,CHINA,CHN,"CONQUEST
(ARMED FORCE)",5530000,939280.00
1902,CUBA,CUB,UNITED STATES,USA,"UNKNOWN PROCESS
(OFTEN INDEPENDENCES)",1572797,114525.00
1902,CHILE,CHL,ARGENTINA,ARG,"CESSION
(PART YIELDED TO OTHER ENTITY)",.,27708.00
1902,ARGENTINA,ARG,CHILE,CHL,"CESSION
(PART YIELDED TO OTHER ENTITY)",.,20470.00
1902,UNITED KINGDOM,GBR,ETHIOPIA,ETH,"CESSION
(PART YIELDED TO OTHER ENTITY)",.,292500.00
1902,UNITED KINGDOM,GBR,,,"CONQUEST
(ARMED FORCE)",1000000,286065.00
1902,UNITED KINGDOM,GBR,,,"CONQUEST
(ARMED FORCE)",200000,129153.00
1903,UNITED STATES,USA,UNITED KINGDOM,GBR,"CESSION
(PART YIELDED TO OTHER ENTITY)",.,1.00
1903,UNITED STATES,USA,PANAMA,PAN,"CESSION
(PART YIELDED TO OTHER ENTITY)",21650,1678.00
1903,PANAMA,PAN,COLOMBIA,COL,"SECESSION
(ESTABLISH NEW INDEP. ENTITIES)",400000,75690.00
1903,BRAZIL,BRA,BOLIVIA,BOL,"CESSION
(PART YIELDED TO OTHER ENTITY)",70000,191000.00
1903,BOLIVIA,BOL,BRAZIL,BRA,"CESSION
(PART YIELDED TO OTHER ENTITY)",.,3108.00
1903,UNITED KINGDOM,GBR,,,"CONQUEST
(ARMED FORCE)",10000000,668220.00
1903,FRANCE,FRA,MOROCCO,MAR,"CONQUEST
(ARMED FORCE)",62000,499870.00
1904,BRAZIL,BRA,ECUADOR,ECU,"CESSION
(PART YIELDED TO OTHER ENTITY)",.,67600.00
1904,FRANCE,FRA,UNITED KINGDOM,GBR,"CESSION
(PART YIELDED TO OTHER ENTITY)",.,1.00
1904,FRANCE,FRA,UNITED KINGDOM,GBR,"CESSION
(PART YIELDED TO OTHER ENTITY)",.,1.00
1904,FRANCE,FRA,THAILAND,THA,"CESSION
(PART YIELDED TO OTHER ENTITY)",.,20720.00
1904,FRANCE,FRA,UNITED KINGDOM,GBR,"CESSION
(PART YIELDED TO OTHER ENTITY)",.,16.00
1904,THAILAND,THA,FRANCE,FRA,"CESSION
(PART YIELDED TO OTHER ENTITY)",.,6076.00
1905,NORWAY,NOR,SWEDEN,SWE,"SECESSION
(ESTABLISH NEW INDEP. ENTITIES)",2240032,323917.00
1905,CHINA,CHN,RUSSIA,RUS,"CESSION
(PART YIELDED TO OTHER ENTITY)",5530000,939280.00
1905,JAPAN,JPN,RUSSIA,RUS,"CESSION
(PART YIELDED TO OTHER ENTITY)",405680,3253.00
1905,JAPAN,JPN,RUSSIA,RUS,"CESSION
(PART YIELDED TO OTHER ENTITY)",9824,32348.00
1905,JAPAN,JPN,,,"CONQUEST
(ARMED FORCE)",5713244,220891.00
1906,UNITED KINGDOM,GBR,TURKEY,TUR,"CESSION
(PART YIELDED TO OTHER ENTITY)",.,1.00
1906,BELGIUM,BEL,UNITED KINGDOM,GBR,"CESSION
(PART YIELDED TO OTHER ENTITY)",250000,38850.00
1907,BRAZIL,BRA,COLOMBIA,COL,"CESSION
(PART YIELDED TO OTHER ENTITY)",.,162500.00
1907,BRAZIL,BRA,BOLIVIA,BOL,"CESSION
(PART YIELDED TO OTHER ENTITY)",.,65000.00
1907,NETHERLANDS,NLD,,,"CONQUEST
(ARMED FORCE)",582175,53020.00
1907,FRANCE,FRA,MOROCCO,MAR,"CONQUEST
(ARMED FORCE)",.,100.00
1907,FRANCE,FRA,THAILAND,THA,"CESSION
(PART YIELDED TO OTHER ENTITY)",.,18130.00
1907,THAILAND,THA,FRANCE,FRA,"CESSION
(PART YIELDED TO OTHER ENTITY)",.,35641.00
1908,BULGARIA,BGR,TURKEY,TUR,"SECESSION
(ESTABLISH NEW INDEP. ENTITIES)",4035575,96345.00
1909,PERU,PER,BOLIVIA,BOL,"CESSION
(PART YIELDED TO OTHER ENTITY)",.,26000.00
1909,UNITED KINGDOM,GBR,THAILAND,THA,"CESSION
(PART YIELDED TO OTHER ENTITY)",450000,38195.00
1909,FRANCE,FRA,,,"CONQUEST
(ARMED FORCE)",223000,893700.00
1910,UNITED KINGDOM,GBR,BELGIUM,BEL,"CESSION
(PART YIELDED TO OTHER ENTITY)",250000,38850.00
1910,UNITED KINGDOM,GBR,BHUTAN,BTN,"CESSION
(PART YIELDED TO OTHER ENTITY)",250000,46600.00
1910,BELGIUM,BEL,UNITED KINGDOM,GBR,"CESSION
(PART YIELDED TO OTHER ENTITY)",.,1.00
1910,MOROCCO,MAR,FRANCE,FRA,"CESSION
(PART YIELDED TO OTHER ENTITY)",.,100.00
1911,UNITED KINGDOM,GBR,LIBERIA,LBR,"CESSION
(PART YIELDED TO OTHER ENTITY)",.,800.00
1911,FRANCE,FRA,,,"CONQUEST
(ARMED FORCE)",.,76534.00
1911,GERMANY,DEU,FRANCE,FRA,"CESSION
(PART YIELDED TO OTHER ENTITY)",1000000,259000.00
1911,LIBERIA,LBR,UNITED KINGDOM,GBR,"CESSION
(PART YIELDED TO OTHER ENTITY)",.,800.00
1912,FRANCE,FRA,MOROCCO,MAR,"ANNEXATION
(UNILATERAL)",5400000,398523.00
1912,SPAIN,ESP,MOROCCO,MAR,"ANNEXATION
(UNILATERAL)",600000,26000.00
1912,ITALY,ITA,TURKEY,TUR,"CONQUEST
(ARMED FORCE)",100198,2681.00
1912,ITALY,ITA,TURKEY,TUR,"CONQUEST
(ARMED FORCE)",523176,1051539.00
1912,ALBANIA,ALB,TURKEY,TUR,"SECESSION
(ESTABLISH NEW INDEP. ENTITIES)",825000,28748.00
1913,YUGOSLAVIA,,BULGARIA,BGR,"CESSION
(PART YIELDED TO OTHER ENTITY)",1000000,27625.00
1913,YUGOSLAVIA,,TURKEY,TUR,"CESSION
(PART YIELDED TO OTHER ENTITY)",.,7020.00
1913,MONTENEGRO,MNE,TURKEY,TUR,"CESSION
(PART YIELDED TO OTHER ENTITY)",.,5200.00
1913,GREECE,GRC,BULGARIA,BGR,"CESSION
(PART YIELDED TO OTHER ENTITY)",1703000,19110.00
1913,GREECE,GRC,TURKEY,TUR,"CESSION
(PART YIELDED TO OTHER ENTITY)",3000000,3771.00
1913,GREECE,GRC,UNITED KINGDOM,GBR,"ANNEXATION
(UNILATERAL)",342151,8715.00
1913,GREECE,GRC,TURKEY,TUR,"CESSION
(PART YIELDED TO OTHER ENTITY)",1500000,24354.00
1913,BULGARIA,BGR,TURKEY,TUR,"CESSION
(PART YIELDED TO OTHER ENTITY)",.,68250.00
1913,ROMANIA,ROU,BULGARIA,BGR,"CESSION
(PART YIELDED TO OTHER ENTITY)",286000,6959.00
1913,SAUDI ARABIA,SAU,TURKEY,TUR,"CONQUEST
(ARMED FORCE)",.,107120.00
1914,UNITED KINGDOM,GBR,,,"ANNEXATION
(UNILATERAL)",180412,18985.00
1914,ITALY,ITA,ALBANIA,ALB,"CONQUEST
(ARMED FORCE)",.,5.00
1914,ALBANIA,ALB,GREECE,GRC,"CESSION
(PART YIELDED TO OTHER ENTITY)",.,1.00
1914,,,TURKEY,TUR,"SECESSION
(ESTABLISH NEW INDEP. ENTITIES)",.,104338.00
1914,JAPAN,JPN,GERMANY,DEU,"CESSION
(PART YIELDED TO OTHER ENTITY)",168900,518.00
1915,UNITED KINGDOM,GBR,YEMEN ARAB REPUBLIC,,"ANNEXATION
(UNILATERAL)",.,182.00
1915,QATAR,QAT,TURKEY,TUR,"SECESSION
(ESTABLISH NEW INDEP. ENTITIES)",.,11000.00
1916,UNITED STATES,USA,NICARAGUA,NIC,"CESSION
(PART YIELDED TO OTHER ENTITY)",.,10.00
1916,UNITED KINGDOM,GBR,QATAR,QAT,"ANNEXATION
(UNILATERAL)",25000,22014.00
1916,SPAIN,ESP,FRANCE,FRA,"CESSION
(PART YIELDED TO OTHER ENTITY)",9836,33020.00
1917,UNITED STATES,USA,DENMARK,DNK,"CESSION
(PART YIELDED TO OTHER ENTITY)",26051,342.00
1917,FINLAND,FIN,RUSSIA,RUS,"SECESSION
(ESTABLISH NEW INDEP. ENTITIES)",3105000,325534.00
1918,POLAND,POL,RUSSIA,RUS,"SECESSION
(ESTABLISH NEW INDEP. ENTITIES)",15400000,263180.00
1918,CZECHOSLOVAKIA,,AUSTRIA,AUT,"CESSION
(PART YIELDED TO OTHER ENTITY)",13600000,140968.00
1918,ESTONIA,EST,RUSSIA,RUS,"SECESSION
(ESTABLISH NEW INDEP. ENTITIES)",1107000,59984.00
1918,LATVIA,LVA,RUSSIA,RUS,"SECESSION
(ESTABLISH NEW INDEP. ENTITIES)",1596000,63300.00
1918,LITHUANIA,LTU,RUSSIA,RUS,"SECESSION
(ESTABLISH NEW INDEP. ENTITIES)",2029000,154491.00
1918,UKRAINE,UKR,RUSSIA,RUS,"SECESSION
(ESTABLISH NEW INDEP. ENTITIES)",.,444595.00
1918,ARMENIA,ARM,RUSSIA,RUS,"SECESSION
(ESTABLISH NEW INDEP. ENTITIES)",1214391,31057.00
1918,GEORGIA,GEO,RUSSIA,RUS,"SECESSION
(ESTABLISH NEW INDEP. ENTITIES)",2372403,66976.00
1918,AZERBAIJAN,AZE,RUSSIA,RUS,"SECESSION
(ESTABLISH NEW INDEP. ENTITIES)",2096973,84984.00
1918,YEMEN ARAB REPUBLIC,,TURKEY,TUR,"SECESSION
(ESTABLISH NEW INDEP. ENTITIES)",1000000,195000.00
1919,UNITED KINGDOM,GBR,GERMANY,DEU,"MANDATED TERRITORY
(BY LEAGUE OF NATIONS OR UN)",188000,32634.00
1919,UNITED KINGDOM,GBR,GERMANY,DEU,"MANDATED TERRITORY
(BY LEAGUE OF NATIONS OR UN)",550000,80290.00
1919,BELGIUM,BEL,GERMANY,DEU,"CESSION
(PART YIELDED TO OTHER ENTITY)",61000,1000.00
1919,LUXEMBOURG,LUX,GERMANY,DEU,"CESSION
(PART YIELDED TO OTHER ENTITY)",.,3.00
1919,FRANCE,FRA,GERMANY,DEU,"MANDATED TERRITORY
(BY LEAGUE OF NATIONS OR UN)",500000,56600.00
1919,FRANCE,FRA,GERMANY,DEU,"MANDATED TERRITORY
(BY LEAGUE OF NATIONS OR UN)",1500000,432012.00
1919,FRANCE,FRA,GERMANY,DEU,"CESSION
(PART YIELDED TO OTHER ENTITY)",.,259000.00
1919,FRANCE,FRA,GERMANY,DEU,"CESSION
(PART YIELDED TO OTHER ENTITY)",657870,1945.00
1919,FRANCE,FRA,GERMANY,DEU,"CESSION
(PART YIELDED TO OTHER ENTITY)",1874014,14514.00
1919,PORTUGAL,PRT,GERMANY,DEU,"CESSION
(PART YIELDED TO OTHER ENTITY)",.,1040.00
1919,POLAND,POL,GERMANY,DEU,"CESSION
(PART YIELDED TO OTHER ENTITY)",2700000,420000.00
1919,POLAND,POL,AUSTRIA,AUT,"CESSION
(PART YIELDED TO OTHER ENTITY)",8257505,80080.00
1919,,,GERMANY,DEU,"CESSION
(PART YIELDED TO OTHER ENTITY)",330252,2056.00
1919,HUNGARY,HUN,AUSTRIA,AUT,"CESSION
(PART YIELDED TO OTHER ENTITY)",7990000,91075.00
1919,ITALY,ITA,FRANCE,FRA,"CESSION
(PART YIELDED TO OTHER ENTITY)",.,1.00
1919,ITALY,ITA,AUSTRIA,AUT,"CESSION
(PART YIELDED TO OTHER ENTITY)",229510,96.00
1919,ITALY,ITA,AUSTRIA,AUT,"CESSION
(PART YIELDED TO OTHER ENTITY)",1178786,18941.00
1919,YUGOSLAVIA,,BULGARIA,BGR,"CESSION
(PART YIELDED TO OTHER ENTITY)",112500,2500.00
1919,YUGOSLAVIA,,AUSTRIA,AUT,"CESSION
(PART YIELDED TO OTHER ENTITY)",1931802,53636.00
1919,GREECE,GRC,BULGARIA,BGR,"CESSION
(PART YIELDED TO OTHER ENTITY)",320000,6400.00
1919,SOUTH AFRICA,ZAF,GERMANY,DEU,"MANDATED TERRITORY
(BY LEAGUE OF NATIONS OR UN)",206000,822907.00
1919,AUSTRALIA,AUS,GERMANY,DEU,"MANDATED TERRITORY
(BY LEAGUE OF NATIONS OR UN)",2120,21.00
1920,CANADA,CAN,UNITED KINGDOM,GBR,"UNKNOWN PROCESS
(OFTEN INDEPENDENCES)",9235000,9571661.00
1920,,,UNITED KINGDOM,GBR,"UNKNOWN PROCESS
(OFTEN INDEPENDENCES)",265000,421481.00
1920,UNITED KINGDOM,GBR,TURKEY,TUR,"MANDATED TERRITORY
(BY LEAGUE OF NATIONS OR UN)",757182,23310.00
1920,UNITED KINGDOM,GBR,TURKEY,TUR,"MANDATED TERRITORY
(BY LEAGUE OF NATIONS OR UN)",200000,89484.00
1920,UNITED KINGDOM,GBR,TURKEY,TUR,"MANDATED TERRITORY
(BY LEAGUE OF NATIONS OR UN)",2849282,280031.00
1920,UNITED KINGDOM,GBR,GERMANY,DEU,"MANDATED TERRITORY
(BY LEAGUE OF NATIONS OR UN)",5000000,939361.00
1920,FRANCE,FRA,TURKEY,TUR,"MANDATED TERRITORY
(BY LEAGUE OF NATIONS OR UN)",1969004,184920.00
1920,POLAND,POL,CZECHOSLOVAKIA,,"CESSION
(PART YIELDED TO OTHER ENTITY)",145241,1009.00
1920,POLAND,POL,LITHUANIA,LTU,"CESSION
(PART YIELDED TO OTHER ENTITY)",2075700,29818.00
1920,AUSTRIA,AUT,YUGOSLAVIA,,"CESSION
(PART YIELDED TO OTHER ENTITY)",392431,5055.00
1920,CZECHOSLOVAKIA,,POLAND,POL,"CESSION
(PART YIELDED TO OTHER ENTITY)",113500,528.00
1920,CZECHOSLOVAKIA,,HUNGARY,HUN,"CESSION
(PART YIELDED TO OTHER ENTITY)",2940374,53320.00
1920,ITALY,ITA,YUGOSLAVIA,,"CESSION
(PART YIELDED TO OTHER ENTITY)",404309,5271.00
1920,YUGOSLAVIA,,ITALY,ITA,"CESSION
(PART YIELDED TO OTHER ENTITY)",1000,1.00
1920,YUGOSLAVIA,,HUNGARY,HUN,"CESSION
(PART YIELDED TO OTHER ENTITY)",4095258,71540.00
1918,ROMANIA,ROU,RUSSIA,RUS,"CESSION
(PART YIELDED TO OTHER ENTITY)",2686600,45632.00
1920,ROMANIA,ROU,HUNGARY,HUN,"CESSION
(PART YIELDED TO OTHER ENTITY)",5200000,108289.00
1920,RUSSIA,RUS,ARMENIA,ARM,"CONQUEST
(ARMED FORCE)",1214391,31057.00
1920,RUSSIA,RUS,AZERBAIJAN,AZE,"CONQUEST
(ARMED FORCE)",2096973,84984.00
1920,RUSSIA,RUS,GEORGIA,GEO,"CONQUEST
(ARMED FORCE)",2372403,66976.00
1920,RUSSIA,RUS,UKRAINE,UKR,"CONQUEST
(ARMED FORCE)",.,444595.00
1920,DENMARK,DNK,GERMANY,DEU,"CESSION
(PART YIELDED TO OTHER ENTITY)",160000,3800.00
1920,SOUTH AFRICA,ZAF,UNITED KINGDOM,GBR,"UNKNOWN PROCESS
(OFTEN INDEPENDENCES)",6930727,1223409.00
1920,,,TURKEY,TUR,"SECESSION
(ESTABLISH NEW INDEP. ENTITIES)",750000,259000.00
1920,JAPAN,JPN,GERMANY,DEU,"MANDATED TERRITORY
(BY LEAGUE OF NATIONS OR UN)",70500,2476.00
1920,AUSTRALIA,AUS,GERMANY,DEU,"MANDATED TERRITORY
(BY LEAGUE OF NATIONS OR UN)",400000,240870.00
1920,AUSTRALIA,AUS,UNITED KINGDOM,GBR,"UNKNOWN PROCESS
(OFTEN INDEPENDENCES)",5426008,7695094.00
1920,NEW ZEALAND,NZL,GERMANY,DEU,"MANDATED TERRITORY
(BY LEAGUE OF NATIONS OR UN)",41828,2823.00
1920,NEW ZEALAND,NZL,UNITED KINGDOM,GBR,"UNKNOWN PROCESS
(OFTEN INDEPENDENCES)",1268046,268676.00
1921,COSTA RICA,CRI,PANAMA,PAN,"ANNEXATION
(UNILATERAL)",100,1.00
1921,POLAND,POL,RUSSIA,RUS,"CESSION
(PART YIELDED TO OTHER ENTITY)",3683568,113722.00
1921,HUNGARY,HUN,AUSTRIA,AUT,"CESSION
(PART YIELDED TO OTHER ENTITY)",39525,225.00
1921,RUSSIA,RUS,TURKEY,TUR,"CESSION
(PART YIELDED TO OTHER ENTITY)",186000,6975.00
1921,FINLAND,FIN,SWEDEN,SWE,"CESSION
(PART YIELDED TO OTHER ENTITY)",27123,1422.00
1921,MONGOLIA,MNG,CHINA,CHN,"SECESSION
(ESTABLISH NEW INDEP. ENTITIES)",2400000,1531000.00
1922,UNITED STATES,USA,,,"ANNEXATION
(UNILATERAL)",0,0.00
1922,COLOMBIA,COL,VENEZUELA,VEN,"CESSION
(PART YIELDED TO OTHER ENTITY)",100,1.00
1922,IRELAND,IRL,UNITED KINGDOM,GBR,"UNKNOWN PROCESS
(OFTEN INDEPENDENCES)",3165000,68891.00
1922,GERMANY,DEU,POLAND,POL,"CESSION
(PART YIELDED TO OTHER ENTITY)",1299127,9702.00
1922,POLAND,POL,GERMANY,DEU,"CESSION
(PART YIELDED TO OTHER ENTITY)",893074,3221.00
1922,EGYPT,EGY,UNITED KINGDOM,GBR,"UNKNOWN PROCESS
(OFTEN INDEPENDENCES)",12800000,994300.00
1922,CHINA,CHN,JAPAN,JPN,"CESSION
(PART YIELDED TO OTHER ENTITY)",192000,552.00
1923,LITHUANIA,LTU,,,"ANNEXATION
(UNILATERAL)",151960,2846.00
1924,BELGIUM,BEL,GERMANY,DEU,"MANDATED TERRITORY
(BY LEAGUE OF NATIONS OR UN)",3000000,54222.00
1924,ITALY,ITA,YUGOSLAVIA,,"CESSION
(PART YIELDED TO OTHER ENTITY)",49806,17.00
1924,ITALY,ITA,UNITED KINGDOM,GBR,"CESSION
(PART YIELDED TO OTHER ENTITY)",12000,85470.00
1924,YUGOSLAVIA,,ITALY,ITA,"CESSION
(PART YIELDED TO OTHER ENTITY)",.,1.00
1924,,,FRANCE,FRA,"CESSION
(PART YIELDED TO OTHER ENTITY)",50000,363.00
1925,ITALY,ITA,EGYPT,EGY,"CESSION
(PART YIELDED TO OTHER ENTITY)",.,400.00
1925,EGYPT,EGY,ITALY,ITA,"CESSION
(PART YIELDED TO OTHER ENTITY)",.,1.00
1926,UNITED KINGDOM,GBR,TURKEY,TUR,"CESSION
(PART YIELDED TO OTHER ENTITY)",703378,91009.00
1926,NEW ZEALAND,NZL,UNITED KINGDOM,GBR,"CESSION
(PART YIELDED TO OTHER ENTITY)",1033,6.00
1927,BELGIUM,BEL,PORTUGAL,PRT,"CESSION
(PART YIELDED TO OTHER ENTITY)",.,3.00
1927,PORTUGAL,PRT,BELGIUM,BEL,"CESSION
(PART YIELDED TO OTHER ENTITY)",.,3500.00
1928,NETHERLANDS,NLD,UNITED STATES,USA,"CESSION
(PART YIELDED TO OTHER ENTITY)",.,1.00
1928,NORWAY,NOR,UNITED KINGDOM,GBR,"CESSION
(PART YIELDED TO OTHER ENTITY)",0,48.00
1929,PERU,PER,CHILE,CHL,"CESSION
(PART YIELDED TO OTHER ENTITY)",30000,8498.00
1929,,,ITALY,ITA,"UNKNOWN PROCESS
(OFTEN INDEPENDENCES)",639,0.00
1930,CHINA,CHN,UNITED KINGDOM,GBR,"CESSION
(PART YIELDED TO OTHER ENTITY)",154416,738.00
1932,FRANCE,FRA,MEXICO,MEX,"CESSION
(PART YIELDED TO OTHER ENTITY)",0,5.00
1932,IRAQ,IRQ,UNITED KINGDOM,GBR,"UNKNOWN PROCESS
(OFTEN INDEPENDENCES)",3560456,301994.00
1932,JAPAN,JPN,CHINA,CHN,"CONQUEST
(ARMED FORCE)",32900000,1304292.00
1933,UNITED KINGDOM,GBR,,,"CESSION
(PART YIELDED TO OTHER ENTITY)",289516,404519.00
1933,JAPAN,JPN,CHINA,CHN,"CONQUEST
(ARMED FORCE)",2963027,173960.00
1934,COLOMBIA,COL,PERU,PER,"CESSION
(PART YIELDED TO OTHER ENTITY)",40000,113882.00
1934,ITALY,ITA,FRANCE,FRA,"CESSION
(PART YIELDED TO OTHER ENTITY)",.,1.00
1934,SAUDI ARABIA,SAU,YEMEN ARAB REPUBLIC,,"CESSION
(PART YIELDED TO OTHER ENTITY)",50,1.00
1935,PARAGUAY,PRY,BOLIVIA,BOL,"CONQUEST
(ARMED FORCE)",35000,233100.00
1935,GERMANY,DEU,FRANCE,FRA,"UNIFICATION
(NEW ENTITY FROM 2+ PRE-EXISTING)",812030,1912.00
1935,ITALY,ITA,FRANCE,FRA,"CESSION
(PART YIELDED TO OTHER ENTITY)",.,800.00
1936,ITALY,ITA,ETHIOPIA,ETH,"CONQUEST
(ARMED FORCE)",7000000,906499.00
1937,JAPAN,JPN,CHINA,CHN,"CONQUEST
(ARMED FORCE)",.,1500000.00
1938,GERMANY,DEU,AUSTRIA,AUT,"ANNEXATION
(UNILATERAL)",6760000,83869.00
1938,GERMANY,DEU,CZECHOSLOVAKIA,,"CESSION
(PART YIELDED TO OTHER ENTITY)",3653292,28674.00
1938,POLAND,POL,CZECHOSLOVAKIA,,"ANNEXATION
(UNILATERAL)",241698,1085.00
1938,HUNGARY,HUN,CZECHOSLOVAKIA,,"CESSION
(PART YIELDED TO OTHER ENTITY)",1027450,11826.00
1939,GERMANY,DEU,CZECHOSLOVAKIA,,"ANNEXATION
(UNILATERAL)",9807096,98909.00
1939,GERMANY,DEU,LITHUANIA,LTU,"ANNEXATION
(UNILATERAL)",152660,2846.00
1939,HUNGARY,HUN,CZECHOSLOVAKIA,,"CONQUEST
(ARMED FORCE)",522124,11094.00
1939,SLOVAKIA,SVK,CZECHOSLOVAKIA,,"SECESSION
(ESTABLISH NEW INDEP. ENTITIES)",2450096,38456.00
1939,ITALY,ITA,ALBANIA,ALB,"CONQUEST
(ARMED FORCE)",1003124,28748.00
1939,LITHUANIA,LTU,RUSSIA,RUS,"CESSION
(PART YIELDED TO OTHER ENTITY)",457500,6656.00
1939,TURKEY,TUR,FRANCE,FRA,"CESSION
(PART YIELDED TO OTHER ENTITY)",273350,5312.00
1940,BULGARIA,BGR,ROMANIA,ROU,"CESSION
(PART YIELDED TO OTHER ENTITY)",.,7421.00
1940,RUSSIA,RUS,ESTONIA,EST,"CONQUEST
(ARMED FORCE)",1126000,47549.00
1940,RUSSIA,RUS,LATVIA,LVA,"CONQUEST
(ARMED FORCE)",1950000,65773.00
1940,RUSSIA,RUS,LITHUANIA,LTU,"CONQUEST
(ARMED FORCE)",2879070,59464.00
1941,ETHIOPIA,ETH,ITALY,ITA,"CESSION
(PART YIELDED TO OTHER ENTITY)",15000000,906499.00
1942,PERU,PER,ECUADOR,ECU,"CESSION
(PART YIELDED TO OTHER ENTITY)",31000,190807.00
1944,ICELAND,ISL,DENMARK,DNK,"SECESSION
(ESTABLISH NEW INDEP. ENTITIES)",132000,103000.00
1945,UNITED STATES,USA,JAPAN,JPN,"CESSION
(PART YIELDED TO OTHER ENTITY)",869287,2354.00
1945,CZECHOSLOVAKIA,,GERMANY,DEU,"CESSION
(PART YIELDED TO OTHER ENTITY)",12900000,127860.00
1945,CZECHOSLOVAKIA,,HUNGARY,HUN,"CESSION
(PART YIELDED TO OTHER ENTITY)",1000000,22922.00
1945,CZECHOSLOVAKIA,,SLOVAKIA,SVK,"ANNEXATION
(UNILATERAL)",2450096,38456.00
1944,ALBANIA,ALB,ITALY,ITA,"CESSION
(PART YIELDED TO OTHER ENTITY)",1132000,28748.00
1945,RUSSIA,RUS,GERMANY,DEU,"CESSION
(PART YIELDED TO OTHER ENTITY)",.,13000.00
1945,RUSSIA,RUS,POLAND,POL,"CESSION
(PART YIELDED TO OTHER ENTITY)",.,179460.00
1945,RUSSIA,RUS,CZECHOSLOVAKIA,,"CESSION
(PART YIELDED TO OTHER ENTITY)",.,7000.00
1945,RUSSIA,RUS,JAPAN,JPN,"CESSION
(PART YIELDED TO OTHER ENTITY)",339357,41063.00
1945,CHINA,CHN,JAPAN,JPN,"CESSION
(PART YIELDED TO OTHER ENTITY)",6084000,35763.00
1945,CHINA,CHN,JAPAN,JPN,"CESSION
(PART YIELDED TO OTHER ENTITY)",.,1500000.00
1945,,,GERMANY,DEU,"CESSION
(PART YIELDED TO OTHER ENTITY)",6952744,83869.00
1945,,,JAPAN,JPN,"CESSION
(PART YIELDED TO OTHER ENTITY)",25100000,220891.00
1945,,,JAPAN,JPN,"CESSION
(PART YIELDED TO OTHER ENTITY)",73100000,371205.00
1945,,,GERMANY,DEU,"CONQUEST
(ARMED FORCE)",69600000,472605.00
1946,SYRIA,SYR,FRANCE,FRA,"UNKNOWN PROCESS
(OFTEN INDEPENDENCES)",2978000,184920.00
1946,LEBANON,LBN,FRANCE,FRA,"UNKNOWN PROCESS
(OFTEN INDEPENDENCES)",1156000,10400.00
1946,JORDAN,JOR,UNITED KINGDOM,GBR,"UNKNOWN PROCESS
(OFTEN INDEPENDENCES)",400000,89484.00
1946,PHILIPPINES,PHL,UNITED STATES,USA,"UNKNOWN PROCESS
(OFTEN INDEPENDENCES)",18400000,299404.00
1947,UNITED STATES,USA,JAPAN,JPN,"MANDATED TERRITORY
(BY LEAGUE OF NATIONS OR UN)",47000,1779.00
1947,FRANCE,FRA,ITALY,ITA,"CESSION
(PART YIELDED TO OTHER ENTITY)",.,1.00
1947,FRANCE,FRA,,,"ANNEXATION
(UNILATERAL)",874000,2567.00
1947,CZECHOSLOVAKIA,,HUNGARY,HUN,"CESSION
(PART YIELDED TO OTHER ENTITY)",.,1.00
1947,ALBANIA,ALB,ITALY,ITA,"CESSION
(PART YIELDED TO OTHER ENTITY)",.,5.00
1947,YUGOSLAVIA,,ITALY,ITA,"CESSION
(PART YIELDED TO OTHER ENTITY)",.,3600.00
1947,GREECE,GRC,ITALY,ITA,"CESSION
(PART YIELDED TO OTHER ENTITY)",115343,2681.00
1947,RUSSIA,RUS,ROMANIA,ROU,"CONQUEST
(ARMED FORCE)",3500000,49987.00
1947,RUSSIA,RUS,FINLAND,FIN,"CESSION
(PART YIELDED TO OTHER ENTITY)",450000,44104.00
1947,SOUTH AFRICA,ZAF,,,"ANNEXATION
(UNILATERAL)",0,429.00
1947,INDIA,IND,UNITED KINGDOM,GBR,"UNKNOWN PROCESS
(OFTEN INDEPENDENCES)",345000,2729368.00
1947,PAKISTAN,PAK,UNITED KINGDOM,GBR,"UNKNOWN PROCESS
(OFTEN INDEPENDENCES)",72200000,863777.00
1947,AUSTRALIA,AUS,UNITED KINGDOM,GBR,"CESSION
(PART YIELDED TO OTHER ENTITY)",0,412.00
1947,,,ITALY,ITA,"CESSION
(PART YIELDED TO OTHER ENTITY)",1124000,1774149.00
1947,,,ITALY,ITA,"CESSION
(PART YIELDED TO OTHER ENTITY)",292000,743.00
1947,,,ITALY,ITA,"CESSION
(PART YIELDED TO OTHER ENTITY)",1086000,461541.00
1947,,,ITALY,ITA,"CESSION
(PART YIELDED TO OTHER ENTITY)",1000000,124000.00
1948,CANADA,CAN,UNITED KINGDOM,GBR,"UNIFICATION
(NEW ENTITY FROM 2+ PRE-EXISTING)",324000,404519.00
1948,ISRAEL,ISR,UNITED KINGDOM,GBR,"UNKNOWN PROCESS
(OFTEN INDEPENDENCES)",782000,12820.00
1948,NORTH KOREA,PRK,RUSSIA,RUS,"UNKNOWN PROCESS
(OFTEN INDEPENDENCES)",8000000,121129.00
1948,SOUTH KOREA,KOR,UNITED STATES,USA,"UNKNOWN PROCESS
(OFTEN INDEPENDENCES)",20200000,98500.00
1948,MYANMAR (BURMA),MMR,UNITED KINGDOM,GBR,"UNKNOWN PROCESS
(OFTEN INDEPENDENCES)",18100000,678034.00
1948,SRI LANKA,LKA,UNITED KINGDOM,GBR,"UNKNOWN PROCESS
(OFTEN INDEPENDENCES)",7244000,65610.00
1949,NETHERLANDS,NLD,,,"CESSION
(PART YIELDED TO OTHER ENTITY)",9000,78.00
1949,BELGIUM,BEL,GERMANY,DEU,"CESSION
(PART YIELDED TO OTHER ENTITY)",.,18.00
1949,LUXEMBOURG,LUX,GERMANY,DEU,"CESSION
(PART YIELDED TO OTHER ENTITY)",.,6.00
1949,FRANCE,FRA,GERMANY,DEU,"CESSION
(PART YIELDED TO OTHER ENTITY)",.,7.00
1949,ITALY,ITA,,,"MANDATED TERRITORY
(BY LEAGUE OF NATIONS OR UN)",1086000,461541.00
1949,EGYPT,EGY,ISRAEL,ISR,"CONQUEST
(ARMED FORCE)",405000,258.00
1949,JORDAN,JOR,ISRAEL,ISR,"CONQUEST
(ARMED FORCE)",400000,5607.00
1949,TAIWAN,TWN,CHINA,CHN,"SECESSION
(ESTABLISH NEW INDEP. ENTITIES)",7099000,36156.00
1949,INDIA,IND,PAKISTAN,PAK,"CONQUEST
(ARMED FORCE)",2700000,139860.00
1949,BHUTAN,BTN,INDIA,IND,"CESSION
(PART YIELDED TO OTHER ENTITY)",19920,83.00
1949,BHUTAN,BTN,INDIA,IND,"UNKNOWN PROCESS
(OFTEN INDEPENDENCES)",300000,46600.00
1949,PAKISTAN,PAK,INDIA,IND,"CONQUEST
(ARMED FORCE)",1320000,32024.00
1949,INDONESIA,IDN,NETHERLANDS,NLD,"UNKNOWN PROCESS
(OFTEN INDEPENDENCES)",74800000,1491562.00
1950,INDIA,IND,FRANCE,FRA,"CESSION
(PART YIELDED TO OTHER ENTITY)",44786,10.00
1950,INDIA,IND,,,"CESSION
(PART YIELDED TO OTHER ENTITY)",137158,7298.00
1951,POLAND,POL,RUSSIA,RUS,"CESSION
(PART YIELDED TO OTHER ENTITY)",7000,240.00
1951,RUSSIA,RUS,POLAND,POL,"CESSION
(PART YIELDED TO OTHER ENTITY)",7000,240.00
1951,LIBYA,LBY,,,"UNKNOWN PROCESS
(OFTEN INDEPENDENCES)",1091830,1774149.00
1952,ETHIOPIA,ETH,,,"UNIFICATION
(NEW ENTITY FROM 2+ PRE-EXISTING)",1000000,124000.00
1952,JAPAN,JPN,,,"UNKNOWN PROCESS
(OFTEN INDEPENDENCES)",83200000,371205.00
1953,JAPAN,JPN,UNITED STATES,USA,"CESSION
(PART YIELDED TO OTHER ENTITY)",.,1000.00
1953,CAMBODIA,KHM,FRANCE,FRA,"UNKNOWN PROCESS
(OFTEN INDEPENDENCES)",4440000,172511.00
1954,GERMAN DEMOCRATIC REPUBLIC,,RUSSIA,RUS,"UNKNOWN PROCESS
(OFTEN INDEPENDENCES)",18100000,107834.00
1954,ITALY,ITA,,,"CESSION
(PART YIELDED TO OTHER ENTITY)",297000,223.00
1954,YUGOSLAVIA,,,,"CESSION
(PART YIELDED TO OTHER ENTITY)",62725,516.00
1954,INDIA,IND,FRANCE,FRA,"CESSION
(PART YIELDED TO OTHER ENTITY)",323000,503.00
1953,LAOS,LAO,FRANCE,FRA,"UNKNOWN PROCESS
(OFTEN INDEPENDENCES)",1505000,236800.00
1954,VIETNAM,VNM,FRANCE,FRA,"UNKNOWN PROCESS
(OFTEN INDEPENDENCES)",16100000,155203.00
1954,REPUBLIC OF VIETNAM,,FRANCE,FRA,"UNKNOWN PROCESS
(OFTEN INDEPENDENCES)",9934000,168350.00
1955,FRANCE,FRA,LIBYA,LBY,"CESSION
(PART YIELDED TO OTHER ENTITY)",.,26000.00
1955,,,,,"UNKNOWN PROCESS
(OFTEN INDEPENDENCES)",50200000,247476.00
1955,AUSTRIA,AUT,,,"UNKNOWN PROCESS
(OFTEN INDEPENDENCES)",6947000,83869.00
1955,CHINA,CHN,TAIWAN,TWN,"CESSION
(PART YIELDED TO OTHER ENTITY)",300,1.00
1955,AUSTRALIA,AUS,UNITED KINGDOM,GBR,"CESSION
(PART YIELDED TO OTHER ENTITY)",500,14.00
1956,,,BELGIUM,BEL,"CESSION
(PART YIELDED TO OTHER ENTITY)",648,1.00
1956,MOROCCO,MAR,FRANCE,FRA,"UNKNOWN PROCESS
(OFTEN INDEPENDENCES)",8955000,380800.00
1956,MOROCCO,MAR,SPAIN,ESP,"CESSION
(PART YIELDED TO OTHER ENTITY)",1045000,19656.00
1956,MOROCCO,MAR,,,"CESSION
(PART YIELDED TO OTHER ENTITY)",183000,349.00
1956,TUNISIA,TUN,FRANCE,FRA,"UNKNOWN PROCESS
(OFTEN INDEPENDENCES)",3963000,125180.00
1956,SUDAN,SDN,UNITED KINGDOM,GBR,"UNKNOWN PROCESS
(OFTEN INDEPENDENCES)",10300000,2505823.00
1956,EGYPT,EGY,UNITED KINGDOM,GBR,"CESSION
(PART YIELDED TO OTHER ENTITY)",.,1.00
1956,JAPAN,JPN,RUSSIA,RUS,"CESSION
(PART YIELDED TO OTHER ENTITY)",.,500.00
1957,,,FRANCE,FRA,"CESSION
(PART YIELDED TO OTHER ENTITY)",992000,2567.00
1957,GHANA,GHA,UNITED KINGDOM,GBR,"UNKNOWN PROCESS
(OFTEN INDEPENDENCES)",6250000,204097.00
1957,GHANA,GHA,UNITED KINGDOM,GBR,"UNIFICATION
(NEW ENTITY FROM 2+ PRE-EXISTING)",429000,33776.00
1957,MALAYSIA,MYS,UNITED KINGDOM,GBR,"UNKNOWN PROCESS
(OFTEN INDEPENDENCES)",6279000,131287.00
1958,GUINEA,GIN,FRANCE,FRA,"UNKNOWN PROCESS
(OFTEN INDEPENDENCES)",2896000,245857.00
1958,MOROCCO,MAR,SPAIN,ESP,"CESSION
(PART YIELDED TO OTHER ENTITY)",9000,13219.00
1958,EGYPT,EGY,SYRIA,SYR,"UNIFICATION
(NEW ENTITY FROM 2+ PRE-EXISTING)",29300000,1187338.00
1958,INDIA,IND,PAKISTAN,PAK,"CESSION
(PART YIELDED TO OTHER ENTITY)",.,1.00
1958,PAKISTAN,PAK,INDIA,IND,"CESSION
(PART YIELDED TO OTHER ENTITY)",300,1.00
1958,PAKISTAN,PAK,OMAN,OMN,"CESSION
(PART YIELDED TO OTHER ENTITY)",8146,1.00
1958,AUSTRALIA,AUS,UNITED KINGDOM,GBR,"CESSION
(PART YIELDED TO OTHER ENTITY)",3361,135.00
1960,HONDURAS,HND,NICARAGUA,NIC,"CESSION
(PART YIELDED TO OTHER ENTITY)",.,20720.00
1960,CYPRUS,CYP,UNITED KINGDOM,GBR,"UNKNOWN PROCESS
(OFTEN INDEPENDENCES)",573000,9251.00
1960,MALI,MLI,FRANCE,FRA,"UNKNOWN PROCESS
(OFTEN INDEPENDENCES)",7172000,1401182.00
1960,SENEGAL,SEN,MALI,MLI,"SECESSION
(ESTABLISH NEW INDEP. ENTITIES)",3110000,197161.00
1960,BENIN,BEN,FRANCE,FRA,"UNKNOWN PROCESS
(OFTEN INDEPENDENCES)",2050000,115760.00
1960,MAURITANIA,MRT,FRANCE,FRA,"UNKNOWN PROCESS
(OFTEN INDEPENDENCES)",970000,1085805.00
1960,NIGER,NER,FRANCE,FRA,"UNKNOWN PROCESS
(OFTEN INDEPENDENCES)",2876000,1188794.00
1960,CTE DIVOIRE,CIV,FRANCE,FRA,"UNKNOWN PROCESS
(OFTEN INDEPENDENCES)",3230000,322463.00
1960,BURKINA FASO,BFA,FRANCE,FRA,"UNKNOWN PROCESS
(OFTEN INDEPENDENCES)",4400000,274200.00
1960,TOGO,TGO,FRANCE,FRA,"UNKNOWN PROCESS
(OFTEN INDEPENDENCES)",1440000,56600.00
1960,CAMEROON,CMR,FRANCE,FRA,"UNKNOWN PROCESS
(OFTEN INDEPENDENCES)",4700000,432012.00
1960,NIGERIA,NGA,UNITED KINGDOM,GBR,"UNKNOWN PROCESS
(OFTEN INDEPENDENCES)",52000000,878447.00
1960,GABON,GAB,FRANCE,FRA,"UNKNOWN PROCESS
(OFTEN INDEPENDENCES)",446000,267000.00
1960,CENTRAL AFRICAN REPUBLIC,CAF,FRANCE,FRA,"UNKNOWN PROCESS
(OFTEN INDEPENDENCES)",1227000,626000.00
1960,CHAD,TCD,FRANCE,FRA,"UNKNOWN PROCESS
(OFTEN INDEPENDENCES)",3070000,1283000.00
1960,CONGO - BRAZZAVILLE,COG,FRANCE,FRA,"UNKNOWN PROCESS
(OFTEN INDEPENDENCES)",773000,342000.00
1960,CONGO - KINSHASA,COD,BELGIUM,BEL,"UNKNOWN PROCESS
(OFTEN INDEPENDENCES)",14100000,2344932.00
1960,SOMALIA,SOM,ITALY,ITA,"UNKNOWN PROCESS
(OFTEN INDEPENDENCES)",1330000,461541.00
1960,SOMALIA,SOM,UNITED KINGDOM,GBR,"UNIFICATION
(NEW ENTITY FROM 2+ PRE-EXISTING)",650000,176120.00
1960,MADAGASCAR,MDG,FRANCE,FRA,"UNKNOWN PROCESS
(OFTEN INDEPENDENCES)",5393000,590000.00
1961,BENIN,BEN,PORTUGAL,PRT,"CONQUEST
(ARMED FORCE)",12,2.00
1961,SIERRA LEONE,SLE,UNITED KINGDOM,GBR,"UNKNOWN PROCESS
(OFTEN INDEPENDENCES)",2252000,72326.00
1961,CAMEROON,CMR,UNITED KINGDOM,GBR,"UNIFICATION
(NEW ENTITY FROM 2+ PRE-EXISTING)",840000,42945.00
1961,NIGERIA,NGA,UNITED KINGDOM,GBR,"UNIFICATION
(NEW ENTITY FROM 2+ PRE-EXISTING)",.,45325.00
1961,TANZANIA,TZA,UNITED KINGDOM,GBR,"UNKNOWN PROCESS
(OFTEN INDEPENDENCES)",9399000,939361.00
1961,SYRIA,SYR,EGYPT,EGY,"SECESSION
(ESTABLISH NEW INDEP. ENTITIES)",4693000,184920.00
1961,KUWAIT,KWT,UNITED KINGDOM,GBR,"UNKNOWN PROCESS
(OFTEN INDEPENDENCES)",322000,15540.00
1961,CHINA,CHN,MYANMAR (BURMA),MMR,"CESSION
(PART YIELDED TO OTHER ENTITY)",0,161.00
1961,INDIA,IND,PORTUGAL,PRT,"CONQUEST
(ARMED FORCE)",649660,4193.00
1961,NEPAL,NPL,CHINA,CHN,"CESSION
(PART YIELDED TO OTHER ENTITY)",31200,780.00
1962,JAMAICA,JAM,UNITED KINGDOM,GBR,"UNKNOWN PROCESS
(OFTEN INDEPENDENCES)",1661000,11424.00
1962,TRINIDAD & TOBAGO,TTO,UNITED KINGDOM,GBR,"UNKNOWN PROCESS
(OFTEN INDEPENDENCES)",900000,5128.00
1962,UGANDA,UGA,UNITED KINGDOM,GBR,"UNKNOWN PROCESS
(OFTEN INDEPENDENCES)",7016000,243411.00
1962,BURUNDI,BDI,BELGIUM,BEL,"UNKNOWN PROCESS
(OFTEN INDEPENDENCES)",3025000,27834.00
1962,RWANDA,RWA,BELGIUM,BEL,"UNKNOWN PROCESS
(OFTEN INDEPENDENCES)",2840000,26388.00
1962,ALGERIA,DZA,FRANCE,FRA,"UNKNOWN PROCESS
(OFTEN INDEPENDENCES)",10900000,2381741.00
1962,SAMOA,WSM,NEW ZEALAND,NZL,"UNKNOWN PROCESS
(OFTEN INDEPENDENCES)",116000,2823.00
1963,MEXICO,MEX,UNITED STATES,USA,"CESSION
(PART YIELDED TO OTHER ENTITY)",100,2.00
1963,,,NETHERLANDS,NLD,"CESSION
(PART YIELDED TO OTHER ENTITY)",.,1.00
1963,KENYA,KEN,UNITED KINGDOM,GBR,"UNKNOWN PROCESS
(OFTEN INDEPENDENCES)",8847000,582646.00
1963,ZANZIBAR,,UNITED KINGDOM,GBR,"UNKNOWN PROCESS
(OFTEN INDEPENDENCES)",329000,2642.00
1963,PAKISTAN,PAK,CHINA,CHN,"CESSION
(PART YIELDED TO OTHER ENTITY)",9136,1942.00
1963,MALAYSIA,MYS,UNITED KINGDOM,GBR,"UNIFICATION
(NEW ENTITY FROM 2+ PRE-EXISTING)",1733000,583.00
1963,MALAYSIA,MYS,UNITED KINGDOM,GBR,"UNIFICATION
(NEW ENTITY FROM 2+ PRE-EXISTING)",478000,76115.00
1963,MALAYSIA,MYS,UNITED KINGDOM,GBR,"UNIFICATION
(NEW ENTITY FROM 2+ PRE-EXISTING)",778000,124967.00
1963,INDONESIA,IDN,NETHERLANDS,NLD,"CESSION
(PART YIELDED TO OTHER ENTITY)",751000,412781.00
1964,MALTA,MLT,UNITED KINGDOM,GBR,"UNKNOWN PROCESS
(OFTEN INDEPENDENCES)",324000,316.00
1964,TANZANIA,TZA,ZANZIBAR,,"UNIFICATION
(NEW ENTITY FROM 2+ PRE-EXISTING)",11400000,942003.00
1964,ZAMBIA,ZMB,UNITED KINGDOM,GBR,"UNKNOWN PROCESS
(OFTEN INDEPENDENCES)",3600000,751936.00
1964,MALAWI,MWI,UNITED KINGDOM,GBR,"UNKNOWN PROCESS
(OFTEN INDEPENDENCES)",3845000,119311.00
1965,GAMBIA,GMB,UNITED KINGDOM,GBR,"UNKNOWN PROCESS
(OFTEN INDEPENDENCES)",330000,10368.00
1965,JORDAN,JOR,SAUDI ARABIA,SAU,"CESSION
(PART YIELDED TO OTHER ENTITY)",750,750.00
1965,SAUDI ARABIA,SAU,JORDAN,JOR,"CESSION
(PART YIELDED TO OTHER ENTITY)",750,750.00
1965,MALDIVES,MDV,UNITED KINGDOM,GBR,"UNKNOWN PROCESS
(OFTEN INDEPENDENCES)",98000,298.00
1965,SINGAPORE,SGP,MALAYSIA,MYS,"SECESSION
(ESTABLISH NEW INDEP. ENTITIES)",1865000,583.00
1966,BARBADOS,BRB,UNITED KINGDOM,GBR,"UNKNOWN PROCESS
(OFTEN INDEPENDENCES)",238000,430.00
1966,GUYANA,GUY,UNITED KINGDOM,GBR,"UNKNOWN PROCESS
(OFTEN INDEPENDENCES)",714223,210000.00
1966,LESOTHO,LSO,UNITED KINGDOM,GBR,"UNKNOWN PROCESS
(OFTEN INDEPENDENCES)",1080857,30340.00
1966,BOTSWANA,BWA,UNITED KINGDOM,GBR,"UNKNOWN PROCESS
(OFTEN INDEPENDENCES)",667000,575000.00
1967,ISRAEL,ISR,EGYPT,EGY,"CONQUEST
(ARMED FORCE)",418800,53242.00
1967,ISRAEL,ISR,SYRIA,SYR,"CONQUEST
(ARMED FORCE)",60000,1710.00
1967,ISRAEL,ISR,JORDAN,JOR,"CONQUEST
(ARMED FORCE)",674500,5878.00
1967,YEMEN PEOPLE'S REPUBLIC,,UNITED KINGDOM,GBR,"UNKNOWN PROCESS
(OFTEN INDEPENDENCES)",1250000,160300.00
1967,OMAN,OMN,UNITED KINGDOM,GBR,"CESSION
(PART YIELDED TO OTHER ENTITY)",85,73.00
1968,EQUATORIAL GUINEA,GNQ,SPAIN,ESP,"UNKNOWN PROCESS
(OFTEN INDEPENDENCES)",290000,28051.00
1968,ESWATINI,SWZ,UNITED KINGDOM,GBR,"UNKNOWN PROCESS
(OFTEN INDEPENDENCES)",442195,17400.00
1968,MAURITIUS,MUS,UNITED KINGDOM,GBR,"UNKNOWN PROCESS
(OFTEN INDEPENDENCES)",830700,1865.00
1968,JAPAN,JPN,UNITED STATES,USA,"CESSION
(PART YIELDED TO OTHER ENTITY)",.,100.00
1968,INDIA,IND,PAKISTAN,PAK,"CESSION
(PART YIELDED TO OTHER ENTITY)",.,7000.00
1968,PAKISTAN,PAK,INDIA,IND,"CESSION
(PART YIELDED TO OTHER ENTITY)",187200,780.00
1968,NAURU,NRU,AUSTRALIA,AUS,"UNKNOWN PROCESS
(OFTEN INDEPENDENCES)",6603,22.00
1969,MOROCCO,MAR,SPAIN,ESP,"CESSION
(PART YIELDED TO OTHER ENTITY)",51517,1505.00
1969,SAUDI ARABIA,SAU,KUWAIT,KWT,"CESSION
(PART YIELDED TO OTHER ENTITY)",2080,2850.00
1969,KUWAIT,KWT,SAUDI ARABIA,SAU,"CESSION
(PART YIELDED TO OTHER ENTITY)",2080,2850.00
1970,FIJI,FJI,UNITED KINGDOM,GBR,"UNKNOWN PROCESS
(OFTEN INDEPENDENCES)",524457,18272.00
1970,TONGA,TON,UNITED KINGDOM,GBR,"UNKNOWN PROCESS
(OFTEN INDEPENDENCES)",87406,700.00
1971,NICARAGUA,NIC,UNITED STATES,USA,"CESSION
(PART YIELDED TO OTHER ENTITY)",2116,6.00
1971,IRAN,IRN,UNITED ARAB EMIRATES,ARE,"CONQUEST
(ARMED FORCE)",100,1.00
1971,IRAN,IRN,UNITED ARAB EMIRATES,ARE,"ANNEXATION
(UNILATERAL)",100,1.00
1971,BAHRAIN,BHR,UNITED KINGDOM,GBR,"UNKNOWN PROCESS
(OFTEN INDEPENDENCES)",216815,723.00
1971,QATAR,QAT,UNITED KINGDOM,GBR,"UNKNOWN PROCESS
(OFTEN INDEPENDENCES)",160000,11000.00
1971,UNITED ARAB EMIRATES,ARE,UNITED ARAB EMIRATES,ARE,"UNIFICATION
(NEW ENTITY FROM 2+ PRE-EXISTING)",154656,90410.00
1971,INDIA,IND,PAKISTAN,PAK,"CONQUEST
(ARMED FORCE)",5000000,13361.00
1971,PAKISTAN,PAK,INDIA,IND,"CONQUEST
(ARMED FORCE)",75600,315.00
1971,BANGLADESH,BGD,PAKISTAN,PAK,"SECESSION
(ESTABLISH NEW INDEP. ENTITIES)",71300000,144020.00
1972,HONDURAS,HND,UNITED STATES,USA,"CESSION
(PART YIELDED TO OTHER ENTITY)",.,3.00
1972,YEMEN ARAB REPUBLIC,,YEMEN PEOPLE'S REPUBLIC,,"ANNEXATION
(UNILATERAL)",1000,182.00
1972,UNITED ARAB EMIRATES,ARE,UNITED ARAB EMIRATES,ARE,"UNIFICATION
(NEW ENTITY FROM 2+ PRE-EXISTING)",24482,1690.00
1972,JAPAN,JPN,UNITED STATES,USA,"CESSION
(PART YIELDED TO OTHER ENTITY)",934176,848.00
1972,INDIA,IND,PAKISTAN,PAK,"CESSION
(PART YIELDED TO OTHER ENTITY)",.,179.00
1972,PAKISTAN,PAK,INDIA,IND,"CESSION
(PART YIELDED TO OTHER ENTITY)",3506160,14609.00
1973,BAHAMAS,BHS,UNITED KINGDOM,GBR,"UNKNOWN PROCESS
(OFTEN INDEPENDENCES)",168812,13864.00
1973,LIBYA,LBY,CHAD,TCD,"CONQUEST
(ARMED FORCE)",78000,78000.00
1973,ISRAEL,ISR,SYRIA,SYR,"CONQUEST
(ARMED FORCE)",15000,780.00
1974,GRENADA,GRD,UNITED KINGDOM,GBR,"UNKNOWN PROCESS
(OFTEN INDEPENDENCES)",107779,344.00
1974,GUINEA-BISSAU,GNB,PORTUGAL,PRT,"UNKNOWN PROCESS
(OFTEN INDEPENDENCES)",487448,36125.00
1974,TURKEY,TUR,CYPRUS,CYP,"CONQUEST
(ARMED FORCE)",250000,3640.00
1974,EGYPT,EGY,ISRAEL,ISR,"CESSION
(PART YIELDED TO OTHER ENTITY)",1000,1000.00
1974,SRI LANKA,LKA,INDIA,IND,"CESSION
(PART YIELDED TO OTHER ENTITY)",100,1.00
1975,SURINAME,SUR,NETHERLANDS,NLD,"UNKNOWN PROCESS
(OFTEN INDEPENDENCES)",414000,163265.00
1975,CAPE VERDE,CPV,PORTUGAL,PRT,"UNKNOWN PROCESS
(OFTEN INDEPENDENCES)",272071,4033.00
1975,SO TOM & PRNCIPE,STP,PORTUGAL,PRT,"UNKNOWN PROCESS
(OFTEN INDEPENDENCES)",76430,964.00
1975,ANGOLA,AGO,PORTUGAL,PRT,"UNKNOWN PROCESS
(OFTEN INDEPENDENCES)",5673046,1246700.00
1975,MOZAMBIQUE,MOZ,PORTUGAL,PRT,"UNKNOWN PROCESS
(OFTEN INDEPENDENCES)",8233834,784961.00
1975,COMOROS,COM,FRANCE,FRA,"UNKNOWN PROCESS
(OFTEN INDEPENDENCES)",252000,1862.00
1975,IRAQ,IRQ,SAUDI ARABIA,SAU,"CESSION
(PART YIELDED TO OTHER ENTITY)",.,3500.00
1975,EGYPT,EGY,ISRAEL,ISR,"CESSION
(PART YIELDED TO OTHER ENTITY)",2000,20000.00
1975,SAUDI ARABIA,SAU,IRAQ,IRQ,"CESSION
(PART YIELDED TO OTHER ENTITY)",2000,3500.00
1975,VIETNAM,VNM,REPUBLIC OF VIETNAM,,"CONQUEST
(ARMED FORCE)",18300000,174481.00
1975,PAPUA NEW GUINEA,PNG,AUSTRALIA,AUS,"UNKNOWN PROCESS
(OFTEN INDEPENDENCES)",2600000,462840.00
1976,FRANCE,FRA,COMOROS,COM,"SECESSION
(ESTABLISH NEW INDEP. ENTITIES)",38000,374.00
1976,MAURITANIA,MRT,SPAIN,ESP,"CESSION
(PART YIELDED TO OTHER ENTITY)",.,88667.00
1976,SEYCHELLES,SYC,UNITED KINGDOM,GBR,"UNKNOWN PROCESS
(OFTEN INDEPENDENCES)",59000,404.00
1976,SEYCHELLES,SYC,UNITED KINGDOM,GBR,"CESSION
(PART YIELDED TO OTHER ENTITY)",.,27.00
1976,MOROCCO,MAR,SPAIN,ESP,"CESSION
(PART YIELDED TO OTHER ENTITY)",.,177667.00
1976,SYRIA,SYR,ISRAEL,ISR,"CESSION
(PART YIELDED TO OTHER ENTITY)",.,780.00
1976,INDONESIA,IDN,PORTUGAL,PRT,"CONQUEST
(ARMED FORCE)",610541,14984.00
1977,DJIBOUTI,DJI,FRANCE,FRA,"UNKNOWN PROCESS
(OFTEN INDEPENDENCES)",300000,23000.00
1978,DOMINICA,DMA,UNITED KINGDOM,GBR,"UNKNOWN PROCESS
(OFTEN INDEPENDENCES)",78000,728.00
1978,PANAMA,PAN,UNITED STATES,USA,"CESSION
(PART YIELDED TO OTHER ENTITY)",41800,1676.00
1978,SOLOMON ISLANDS,SLB,UNITED KINGDOM,GBR,"UNKNOWN PROCESS
(OFTEN INDEPENDENCES)",196823,29785.00
1978,TUVALU,TUV,UNITED KINGDOM,GBR,"UNKNOWN PROCESS
(OFTEN INDEPENDENCES)",5887,24.00
1979,ST. LUCIA,LCA,UNITED KINGDOM,GBR,"UNKNOWN PROCESS
(OFTEN INDEPENDENCES)",121000,616.00
1979,ST. VINCENT & GRENADINES,VCT,UNITED KINGDOM,GBR,"UNKNOWN PROCESS
(OFTEN INDEPENDENCES)",120000,389.00
1979,EGYPT,EGY,ISRAEL,ISR,"CESSION
(PART YIELDED TO OTHER ENTITY)",2000,20000.00
1979,KIRIBATI,KIR,UNITED KINGDOM,GBR,"UNKNOWN PROCESS
(OFTEN INDEPENDENCES)",57816,572.00
1980,ZIMBABWE,ZWE,UNITED KINGDOM,GBR,"UNKNOWN PROCESS
(OFTEN INDEPENDENCES)",7360000,390622.00
1980,MOROCCO,MAR,MAURITANIA,MRT,"CESSION
(PART YIELDED TO OTHER ENTITY)",100000,88667.00
1980,VANUATU,VUT,FRANCE,FRA,"UNKNOWN PROCESS
(OFTEN INDEPENDENCES)",97468,14760.00
1981,COLOMBIA,COL,UNITED STATES,USA,"CESSION
(PART YIELDED TO OTHER ENTITY)",0,10.00
1981,BELIZE,BLZ,UNITED KINGDOM,GBR,"UNKNOWN PROCESS
(OFTEN INDEPENDENCES)",148300,22800.00
1981,ANTIGUA & BARBUDA,ATG,UNITED KINGDOM,GBR,"UNKNOWN PROCESS
(OFTEN INDEPENDENCES)",77000,440.00
1981,IRAQ,IRQ,,,"CESSION
(PART YIELDED TO OTHER ENTITY)",0,3333.00
1981,SAUDI ARABIA,SAU,,,"CESSION
(PART YIELDED TO OTHER ENTITY)",0,3333.00
1983,ST. KITTS & NEVIS,KNA,UNITED KINGDOM,GBR,"UNKNOWN PROCESS
(OFTEN INDEPENDENCES)",44500,360.00
1984,BRUNEI,BRN,UNITED KINGDOM,GBR,"UNKNOWN PROCESS
(OFTEN INDEPENDENCES)",215000,5270.00
1984,CHILE,CHL,,,"CESSION
(PART YIELDED TO OTHER ENTITY)",0,1079.00
1984,ARGENTINA,ARG,,,"CESSION
(PART YIELDED TO OTHER ENTITY)",0,1083.00
1986,MARSHALL ISLANDS,MHL,UNITED STATES,USA,"UNKNOWN PROCESS
(OFTEN INDEPENDENCES)",40000,181.00
1986,MICRONESIA (FEDERATED STATES OF),FSM,UNITED STATES,USA,"UNKNOWN PROCESS
(OFTEN INDEPENDENCES)",95000,702.00
1986,MALI,MLI,BURKINA FASO,BFA,"CESSION
(PART YIELDED TO OTHER ENTITY)",65000,1553.00
1989,EGYPT,EGY,ISRAEL,ISR,"CESSION
(PART YIELDED TO OTHER ENTITY)",0,1.00
1990,NAMIBIA,NAM,SOUTH AFRICA,ZAF,"UNKNOWN PROCESS
(OFTEN INDEPENDENCES)",1372000,823290.00
1990,YEMEN,YEM,YEMEN PEOPLE'S REPUBLIC,,"UNIFICATION
(NEW ENTITY FROM 2+ PRE-EXISTING)",2488000,329111.00
1990,GERMANY,DEU,GERMAN DEMOCRATIC REPUBLIC,,"UNIFICATION
(NEW ENTITY FROM 2+ PRE-EXISTING)",16600000,108333.00
1991,GEORGIA,GEO,RUSSIA,RUS,"SECESSION
(ESTABLISH NEW INDEP. ENTITIES)",5500000,69700.00
1991,CROATIA,HRV,YUGOSLAVIA,,"SECESSION
(ESTABLISH NEW INDEP. ENTITIES)",4763000,56410.00
1991,SLOVENIA,SVN,YUGOSLAVIA,,"SECESSION
(ESTABLISH NEW INDEP. ENTITIES)",1974000,20256.00
1991,MOLDOVA,MDA,RUSSIA,RUS,"SECESSION
(ESTABLISH NEW INDEP. ENTITIES)",4350000,33700.00
1991,BELARUS,BLR,RUSSIA,RUS,"SECESSION
(ESTABLISH NEW INDEP. ENTITIES)",10200000,207600.00
1991,AZERBAIJAN,AZE,RUSSIA,RUS,"SECESSION
(ESTABLISH NEW INDEP. ENTITIES)",7200000,86600.00
1991,KYRGYZSTAN,KGZ,RUSSIA,RUS,"SECESSION
(ESTABLISH NEW INDEP. ENTITIES)",4375000,198500.00
1991,UZBEKISTAN,UZB,RUSSIA,RUS,"SECESSION
(ESTABLISH NEW INDEP. ENTITIES)",20300000,447400.00
1991,ESTONIA,EST,RUSSIA,RUS,"SECESSION
(ESTABLISH NEW INDEP. ENTITIES)",1581000,45227.00
1991,LATVIA,LVA,RUSSIA,RUS,"SECESSION
(ESTABLISH NEW INDEP. ENTITIES)",2600000,64610.00
1991,LITHUANIA,LTU,RUSSIA,RUS,"SECESSION
(ESTABLISH NEW INDEP. ENTITIES)",3754000,65301.00
1991,ARMENIA,ARM,RUSSIA,RUS,"SECESSION
(ESTABLISH NEW INDEP. ENTITIES)",3450000,28400.00
1991,TAJIKISTAN,TJK,RUSSIA,RUS,"SECESSION
(ESTABLISH NEW INDEP. ENTITIES)",5250000,143100.00
1991,TURKMENISTAN,TKM,RUSSIA,RUS,"SECESSION
(ESTABLISH NEW INDEP. ENTITIES)",3600000,488100.00
1993,NORTH MACEDONIA,MKD,YUGOSLAVIA,,"SECESSION
(ESTABLISH NEW INDEP. ENTITIES)",2109000,24856.00
1991,UKRAINE,UKR,RUSSIA,RUS,"SECESSION
(ESTABLISH NEW INDEP. ENTITIES)",52000000,603700.00
1991,KAZAKHSTAN,KAZ,RUSSIA,RUS,"SECESSION
(ESTABLISH NEW INDEP. ENTITIES)",16700000,2717300.00
1992,BOSNIA & HERZEGOVINA,BIH,YUGOSLAVIA,,"SECESSION
(ESTABLISH NEW INDEP. ENTITIES)",4455000,51107.00
1992,EL SALVADOR,SLV,,,"CESSION
(PART YIELDED TO OTHER ENTITY)",36000,147.00
1992,HONDURAS,HND,,,"CESSION
(PART YIELDED TO OTHER ENTITY)",13000,293.00
1992,YEMEN,YEM,OMAN,OMN,"CESSION
(PART YIELDED TO OTHER ENTITY)",0,1875.00
1992,OMAN,OMN,YEMEN,YEM,"CESSION
(PART YIELDED TO OTHER ENTITY)",0,1250.00
1992,BANGLADESH,BGD,INDIA,IND,"CESSION
(PART YIELDED TO OTHER ENTITY)",20,1.00
1993,CZECHIA,CZE,CZECHOSLOVAKIA,,"SECESSION
(ESTABLISH NEW INDEP. ENTITIES)",10300000,79228.00
1993,SLOVAKIA,SVK,CZECHOSLOVAKIA,,"SECESSION
(ESTABLISH NEW INDEP. ENTITIES)",5200000,48666.00
1993,ERITREA,ERI,ETHIOPIA,ETH,"SECESSION
(ESTABLISH NEW INDEP. ENTITIES)",3000000,124993.00
1993,KUWAIT,KWT,IRAQ,IRQ,"CESSION
(PART YIELDED TO OTHER ENTITY)",0,.
1994,NAMIBIA,NAM,SOUTH AFRICA,ZAF,"CESSION
(PART YIELDED TO OTHER ENTITY)",30000,1124.00
1994,PALAU,PLW,UNITED STATES,USA,"UNKNOWN PROCESS
(OFTEN INDEPENDENCES)",15600,487.00
1995,JORDAN,JOR,ISRAEL,ISR,"CESSION
(PART YIELDED TO OTHER ENTITY)",0,340.00
1996,CHINA,CHN,RUSSIA,RUS,"CESSION
(PART YIELDED TO OTHER ENTITY)",0,18.00
1997,CZECHIA,CZE,SLOVAKIA,SVK,"CESSION
(PART YIELDED TO OTHER ENTITY)",31,4.52
1997,SLOVAKIA,SVK,CZECHIA,CZE,"CESSION
(PART YIELDED TO OTHER ENTITY)",120,4.52
1997,CHINA,CHN,UNITED KINGDOM,GBR,"CESSION
(PART YIELDED TO OTHER ENTITY)",6700000,1084.00
1998,CHINA,CHN,KAZAKHSTAN,KAZ,"CESSION
(PART YIELDED TO OTHER ENTITY)",.,470.00
1998,UKRAINE,UKR,MOLDOVA,MDA,"CESSION
(PART YIELDED TO OTHER ENTITY)",0,1.00
1998,MOLDOVA,MDA,UKRAINE,UKR,"CESSION
(PART YIELDED TO OTHER ENTITY)",0,1.00
1999,RUSSIA,RUS,ESTONIA,EST,"CESSION
(PART YIELDED TO OTHER ENTITY)",0,30.00
1999,ESTONIA,EST,RUSSIA,RUS,"CESSION
(PART YIELDED TO OTHER ENTITY)",0,30.00
1999,,,INDONESIA,IDN,"CESSION
(PART YIELDED TO OTHER ENTITY)",780000,14926.00
1999,CHINA,CHN,PORTUGAL,PRT,"CESSION
(PART YIELDED TO OTHER ENTITY)",447000,21.45
1991,BOTSWANA,BWA,,,"CONQUEST
(ARMED FORCE)",0,5.00
2000,EGYPT,EGY,SUDAN,SDN,"CONQUEST
(ARMED FORCE)",5000,20580.00
2002,TIMOR-LESTE,TLS,,,"UNKNOWN PROCESS
(OFTEN INDEPENDENCES)",950000,14926.00
2003,NIGERIA,NGA,CAMEROON,CMR,"CESSION
(PART YIELDED TO OTHER ENTITY)",.,.
2003,CAMEROON,CMR,NIGERIA,NGA,"CESSION
(PART YIELDED TO OTHER ENTITY)",.,.
2004,YEMEN,YEM,SAUDI ARABIA,SAU,"CESSION
(PART YIELDED TO OTHER ENTITY)",.,40000.00
2006,MONTENEGRO,MNE,YUGOSLAVIA,,"SECESSION
(ESTABLISH NEW INDEP. ENTITIES)",650000,13812.00
2008,CAMEROON,CMR,NIGERIA,NGA,"CESSION
(PART YIELDED TO OTHER ENTITY)",300000,665.00
2008,CHINA,CHN,RUSSIA,RUS,"CESSION
(PART YIELDED TO OTHER ENTITY)",0,174.00
2011,CHINA,CHN,TAJIKISTAN,TJK,"CESSION
(PART YIELDED TO OTHER ENTITY)",.,1142.00
2011,SOUTH SUDAN,SSD,SUDAN,SDN,"UNKNOWN PROCESS
(OFTEN INDEPENDENCES)",8260000,619745
2014,RUSSIA,RUS,UKRAINE,UKR,"CONQUEST
(ARMED FORCE)",2400000,27000.00
2008,KOSOVO,,YUGOSLAVIA,,"UNKNOWN PROCESS
(OFTEN INDEPENDENCES)",1747383,10887.00
2015,INDIA,IND,BANGLADESH,BGD,"UNKNOWN PROCESS
(OFTEN INDEPENDENCES)",51000,69.44
2015,BANGLADESH,BGD,INDIA,IND,"UNKNOWN PROCESS
(OFTEN INDEPENDENCES)",51000,28.77
1940,RUSSIA,RUS,FINLAND,FIN,"CESSION
(PART YIELDED TO OTHER ENTITY)",450000,40000.00
1954,INDIA,IND,PORTUGAL,PRT,"ANNEXATION
(UNILATERAL)",57963,491.00
1999,BOTSWANA,BWA,NAMIBIA,NAM,"CESSION
(PART YIELDED TO OTHER ENTITY)",0,5.00
1946,SYRIA,SYR,FRANCE,FRA,"UNKNOWN PROCESS
(OFTEN INDEPENDENCES)",2978000,184920.00
1946,LEBANON,LBN,FRANCE,FRA,"UNKNOWN PROCESS
(OFTEN INDEPENDENCES)",1156000,10400.00
1946,JORDAN,JOR,UNITED KINGDOM,GBR,"UNKNOWN PROCESS
(OFTEN INDEPENDENCES)",400000,89484.00
1946,PHILIPPINES,PHL,UNITED STATES,USA,"UNKNOWN PROCESS
(OFTEN INDEPENDENCES)",18400000,299404.00
1947,UNITED STATES,USA,JAPAN,JPN,"MANDATED TERRITORY
(BY LEAGUE OF NATIONS OR UN)",47000,1779.00
1947,FRANCE,FRA,ITALY,ITA,"CESSION
(PART YIELDED TO OTHER ENTITY)",.,1.00
1947,FRANCE,FRA,,,"ANNEXATION
(UNILATERAL)",874000,2567.00
1947,CZECHOSLOVAKIA,,HUNGARY,HUN,"CESSION
(PART YIELDED TO OTHER ENTITY)",.,1.00
1947,ALBANIA,ALB,ITALY,ITA,"CESSION
(PART YIELDED TO OTHER ENTITY)",.,5.00
1947,YUGOSLAVIA,,ITALY,ITA,"CESSION
(PART YIELDED TO OTHER ENTITY)",.,3600.00
1947,GREECE,GRC,ITALY,ITA,"CESSION
(PART YIELDED TO OTHER ENTITY)",115343,2681.00
1947,RUSSIA,RUS,ROMANIA,ROU,"CONQUEST
(ARMED FORCE)",3500000,49987.00
1947,RUSSIA,RUS,FINLAND,FIN,"CESSION
(PART YIELDED TO OTHER ENTITY)",450000,44104.00
1947,SOUTH AFRICA,ZAF,,,"ANNEXATION
(UNILATERAL)",0,429.00
1947,INDIA,IND,UNITED KINGDOM,GBR,"UNKNOWN PROCESS
(OFTEN INDEPENDENCES)",345000,2729368.00
1947,PAKISTAN,PAK,UNITED KINGDOM,GBR,"UNKNOWN PROCESS
(OFTEN INDEPENDENCES)",72200000,863777.00
1947,AUSTRALIA,AUS,UNITED KINGDOM,GBR,"CESSION
(PART YIELDED TO OTHER ENTITY)",0,412.00
1947,,,ITALY,ITA,"CESSION
(PART YIELDED TO OTHER ENTITY)",1124000,1774149.00
1947,,,ITALY,ITA,"CESSION
(PART YIELDED TO OTHER ENTITY)",292000,743.00
1947,,,ITALY,ITA,"CESSION
(PART YIELDED TO OTHER ENTITY)",1086000,461541.00
1947,,,ITALY,ITA,"CESSION
(PART YIELDED TO OTHER ENTITY)",1000000,124000.00
1948,CANADA,CAN,UNITED KINGDOM,GBR,"UNIFICATION
(NEW ENTITY FROM 2+ PRE-EXISTING)",324000,404519.00
1948,ISRAEL,ISR,UNITED KINGDOM,GBR,"UNKNOWN PROCESS
(OFTEN INDEPENDENCES)",782000,12820.00
1948,NORTH KOREA,PRK,RUSSIA,RUS,"UNKNOWN PROCESS
(OFTEN INDEPENDENCES)",8000000,121129.00
1948,SOUTH KOREA,KOR,UNITED STATES,USA,"UNKNOWN PROCESS
(OFTEN INDEPENDENCES)",20200000,98500.00
1948,MYANMAR (BURMA),MMR,UNITED KINGDOM,GBR,"UNKNOWN PROCESS
(OFTEN INDEPENDENCES)",18100000,678034.00
1948,SRI LANKA,LKA,UNITED KINGDOM,GBR,"UNKNOWN PROCESS
(OFTEN INDEPENDENCES)",7244000,65610.00
1949,NETHERLANDS,NLD,,,"CESSION
(PART YIELDED TO OTHER ENTITY)",9000,78.00
1949,BELGIUM,BEL,GERMANY,DEU,"CESSION
(PART YIELDED TO OTHER ENTITY)",.,18.00
1949,LUXEMBOURG,LUX,GERMANY,DEU,"CESSION
(PART YIELDED TO OTHER ENTITY)",.,6.00
1949,FRANCE,FRA,GERMANY,DEU,"CESSION
(PART YIELDED TO OTHER ENTITY)",.,7.00
1949,ITALY,ITA,,,"MANDATED TERRITORY
(BY LEAGUE OF NATIONS OR UN)",1086000,461541.00
1949,EGYPT,EGY,ISRAEL,ISR,"CONQUEST
(ARMED FORCE)",405000,258.00
1949,JORDAN,JOR,ISRAEL,ISR,"CONQUEST
(ARMED FORCE)",400000,5607.00
1949,TAIWAN,TWN,CHINA,CHN,"SECESSION
(ESTABLISH NEW INDEP. ENTITIES)",7099000,36156.00
1949,INDIA,IND,PAKISTAN,PAK,"CONQUEST
(ARMED FORCE)",2700000,139860.00
1949,BHUTAN,BTN,INDIA,IND,"CESSION
(PART YIELDED TO OTHER ENTITY)",19920,83.00
1949,BHUTAN,BTN,INDIA,IND,"UNKNOWN PROCESS
(OFTEN INDEPENDENCES)",300000,46600.00
1949,PAKISTAN,PAK,INDIA,IND,"CONQUEST
(ARMED FORCE)",1320000,32024.00
1949,INDONESIA,IDN,NETHERLANDS,NLD,"UNKNOWN PROCESS
(OFTEN INDEPENDENCES)",74800000,1491562.00
1950,INDIA,IND,FRANCE,FRA,"CESSION
(PART YIELDED TO OTHER ENTITY)",44786,10.00
1950,INDIA,IND,,,"CESSION
(PART YIELDED TO OTHER ENTITY)",137158,7298.00
1951,POLAND,POL,RUSSIA,RUS,"CESSION
(PART YIELDED TO OTHER ENTITY)",7000,240.00
1951,RUSSIA,RUS,POLAND,POL,"CESSION
(PART YIELDED TO OTHER ENTITY)",7000,240.00
1951,LIBYA,LBY,,,"UNKNOWN PROCESS
(OFTEN INDEPENDENCES)",1091830,1774149.00
1952,ETHIOPIA,ETH,,,"UNIFICATION
(NEW ENTITY FROM 2+ PRE-EXISTING)",1000000,124000.00
1952,JAPAN,JPN,,,"UNKNOWN PROCESS
(OFTEN INDEPENDENCES)",83200000,371205.00
1953,JAPAN,JPN,UNITED STATES,USA,"CESSION
(PART YIELDED TO OTHER ENTITY)",.,1000.00
1953,CAMBODIA,KHM,FRANCE,FRA,"UNKNOWN PROCESS
(OFTEN INDEPENDENCES)",4440000,172511.00
1954,GERMAN DEMOCRATIC REPUBLIC,,RUSSIA,RUS,"UNKNOWN PROCESS
(OFTEN INDEPENDENCES)",18100000,107834.00
1954,ITALY,ITA,,,"CESSION
(PART YIELDED TO OTHER ENTITY)",297000,223.00
1954,YUGOSLAVIA,,,,"CESSION
(PART YIELDED TO OTHER ENTITY)",62725,516.00
1954,INDIA,IND,FRANCE,FRA,"CESSION
(PART YIELDED TO OTHER ENTITY)",323000,503.00
1953,LAOS,LAO,FRANCE,FRA,"UNKNOWN PROCESS
(OFTEN INDEPENDENCES)",1505000,236800.00
1954,VIETNAM,VNM,FRANCE,FRA,"UNKNOWN PROCESS
(OFTEN INDEPENDENCES)",16100000,155203.00
1954,REPUBLIC OF VIETNAM,,FRANCE,FRA,"UNKNOWN PROCESS
(OFTEN INDEPENDENCES)",9934000,168350.00
1955,FRANCE,FRA,LIBYA,LBY,"CESSION
(PART YIELDED TO OTHER ENTITY)",.,26000.00
1955,,,,,"UNKNOWN PROCESS
(OFTEN INDEPENDENCES)",50200000,247476.00
1955,AUSTRIA,AUT,,,"UNKNOWN PROCESS
(OFTEN INDEPENDENCES)",6947000,83869.00
1955,CHINA,CHN,TAIWAN,TWN,"CESSION
(PART YIELDED TO OTHER ENTITY)",300,1.00
1955,AUSTRALIA,AUS,UNITED KINGDOM,GBR,"CESSION
(PART YIELDED TO OTHER ENTITY)",500,14.00
1956,,,BELGIUM,BEL,"CESSION
(PART YIELDED TO OTHER ENTITY)",648,1.00
1956,MOROCCO,MAR,FRANCE,FRA,"UNKNOWN PROCESS
(OFTEN INDEPENDENCES)",8955000,380800.00
1956,MOROCCO,MAR,SPAIN,ESP,"CESSION
(PART YIELDED TO OTHER ENTITY)",1045000,19656.00
1956,MOROCCO,MAR,,,"CESSION
(PART YIELDED TO OTHER ENTITY)",183000,349.00
1956,TUNISIA,TUN,FRANCE,FRA,"UNKNOWN PROCESS
(OFTEN INDEPENDENCES)",3963000,125180.00
1956,SUDAN,SDN,UNITED KINGDOM,GBR,"UNKNOWN PROCESS
(OFTEN INDEPENDENCES)",10300000,2505823.00
1956,EGYPT,EGY,UNITED KINGDOM,GBR,"CESSION
(PART YIELDED TO OTHER ENTITY)",.,1.00
1956,JAPAN,JPN,RUSSIA,RUS,"CESSION
(PART YIELDED TO OTHER ENTITY)",.,500.00
1957,,,FRANCE,FRA,"CESSION
(PART YIELDED TO OTHER ENTITY)",992000,2567.00
1957,GHANA,GHA,UNITED KINGDOM,GBR,"UNKNOWN PROCESS
(OFTEN INDEPENDENCES)",6250000,204097.00
1957,GHANA,GHA,UNITED KINGDOM,GBR,"UNIFICATION
(NEW ENTITY FROM 2+ PRE-EXISTING)",429000,33776.00
1957,MALAYSIA,MYS,UNITED KINGDOM,GBR,"UNKNOWN PROCESS
(OFTEN INDEPENDENCES)",6279000,131287.00
1958,GUINEA,GIN,FRANCE,FRA,"UNKNOWN PROCESS
(OFTEN INDEPENDENCES)",2896000,245857.00
1958,MOROCCO,MAR,SPAIN,ESP,"CESSION
(PART YIELDED TO OTHER ENTITY)",9000,13219.00
1958,EGYPT,EGY,SYRIA,SYR,"UNIFICATION
(NEW ENTITY FROM 2+ PRE-EXISTING)",29300000,1187338.00
1958,INDIA,IND,PAKISTAN,PAK,"CESSION
(PART YIELDED TO OTHER ENTITY)",.,1.00
1958,PAKISTAN,PAK,INDIA,IND,"CESSION
(PART YIELDED TO OTHER ENTITY)",300,1.00
1958,PAKISTAN,PAK,OMAN,OMN,"CESSION
(PART YIELDED TO OTHER ENTITY)",8146,1.00
1958,AUSTRALIA,AUS,UNITED KINGDOM,GBR,"CESSION
(PART YIELDED TO OTHER ENTITY)",3361,135.00
1960,HONDURAS,HND,NICARAGUA,NIC,"CESSION
(PART YIELDED TO OTHER ENTITY)",.,20720.00
1960,CYPRUS,CYP,UNITED KINGDOM,GBR,"UNKNOWN PROCESS
(OFTEN INDEPENDENCES)",573000,9251.00
1960,MALI,MLI,FRANCE,FRA,"UNKNOWN PROCESS
(OFTEN INDEPENDENCES)",7172000,1401182.00
1960,SENEGAL,SEN,MALI,MLI,"SECESSION
(ESTABLISH NEW INDEP. ENTITIES)",3110000,197161.00
1960,BENIN,BEN,FRANCE,FRA,"UNKNOWN PROCESS
(OFTEN INDEPENDENCES)",2050000,115760.00
1960,MAURITANIA,MRT,FRANCE,FRA,"UNKNOWN PROCESS
(OFTEN INDEPENDENCES)",970000,1085805.00
1960,NIGER,NER,FRANCE,FRA,"UNKNOWN PROCESS
(OFTEN INDEPENDENCES)",2876000,1188794.00
1960,CTE DIVOIRE,CIV,FRANCE,FRA,"UNKNOWN PROCESS
(OFTEN INDEPENDENCES)",3230000,322463.00
1960,BURKINA FASO,BFA,FRANCE,FRA,"UNKNOWN PROCESS
(OFTEN INDEPENDENCES)",4400000,274200.00
1960,TOGO,TGO,FRANCE,FRA,"UNKNOWN PROCESS
(OFTEN INDEPENDENCES)",1440000,56600.00
1960,CAMEROON,CMR,FRANCE,FRA,"UNKNOWN PROCESS
(OFTEN INDEPENDENCES)",4700000,432012.00
1960,NIGERIA,NGA,UNITED KINGDOM,GBR,"UNKNOWN PROCESS
(OFTEN INDEPENDENCES)",52000000,878447.00
1960,GABON,GAB,FRANCE,FRA,"UNKNOWN PROCESS
(OFTEN INDEPENDENCES)",446000,267000.00
1960,CENTRAL AFRICAN REPUBLIC,CAF,FRANCE,FRA,"UNKNOWN PROCESS
(OFTEN INDEPENDENCES)",1227000,626000.00
1960,CHAD,TCD,FRANCE,FRA,"UNKNOWN PROCESS
(OFTEN INDEPENDENCES)",3070000,1283000.00
1960,CONGO - BRAZZAVILLE,COG,FRANCE,FRA,"UNKNOWN PROCESS
(OFTEN INDEPENDENCES)",773000,342000.00
1960,CONGO - KINSHASA,COD,BELGIUM,BEL,"UNKNOWN PROCESS
(OFTEN INDEPENDENCES)",14100000,2344932.00
1960,SOMALIA,SOM,ITALY,ITA,"UNKNOWN PROCESS
(OFTEN INDEPENDENCES)",1330000,461541.00
1960,SOMALIA,SOM,UNITED KINGDOM,GBR,"UNIFICATION
(NEW ENTITY FROM 2+ PRE-EXISTING)",650000,176120.00
1960,MADAGASCAR,MDG,FRANCE,FRA,"UNKNOWN PROCESS
(OFTEN INDEPENDENCES)",5393000,590000.00
1961,BENIN,BEN,PORTUGAL,PRT,"CONQUEST
(ARMED FORCE)",12,2.00
1961,SIERRA LEONE,SLE,UNITED KINGDOM,GBR,"UNKNOWN PROCESS
(OFTEN INDEPENDENCES)",2252000,72326.00
1961,CAMEROON,CMR,UNITED KINGDOM,GBR,"UNIFICATION
(NEW ENTITY FROM 2+ PRE-EXISTING)",840000,42945.00
1961,NIGERIA,NGA,UNITED KINGDOM,GBR,"UNIFICATION
(NEW ENTITY FROM 2+ PRE-EXISTING)",.,45325.00
1961,TANZANIA,TZA,UNITED KINGDOM,GBR,"UNKNOWN PROCESS
(OFTEN INDEPENDENCES)",9399000,939361.00
1961,SYRIA,SYR,EGYPT,EGY,"SECESSION
(ESTABLISH NEW INDEP. ENTITIES)",4693000,184920.00
1961,KUWAIT,KWT,UNITED KINGDOM,GBR,"UNKNOWN PROCESS
(OFTEN INDEPENDENCES)",322000,15540.00
1961,CHINA,CHN,MYANMAR (BURMA),MMR,"CESSION
(PART YIELDED TO OTHER ENTITY)",0,161.00
1961,INDIA,IND,PORTUGAL,PRT,"CONQUEST
(ARMED FORCE)",649660,4193.00
1961,NEPAL,NPL,CHINA,CHN,"CESSION
(PART YIELDED TO OTHER ENTITY)",31200,780.00
1962,JAMAICA,JAM,UNITED KINGDOM,GBR,"UNKNOWN PROCESS
(OFTEN INDEPENDENCES)",1661000,11424.00
1962,TRINIDAD & TOBAGO,TTO,UNITED KINGDOM,GBR,"UNKNOWN PROCESS
(OFTEN INDEPENDENCES)",900000,5128.00
1962,UGANDA,UGA,UNITED KINGDOM,GBR,"UNKNOWN PROCESS
(OFTEN INDEPENDENCES)",7016000,243411.00
1962,BURUNDI,BDI,BELGIUM,BEL,"UNKNOWN PROCESS
(OFTEN INDEPENDENCES)",3025000,27834.00
1962,RWANDA,RWA,BELGIUM,BEL,"UNKNOWN PROCESS
(OFTEN INDEPENDENCES)",2840000,26388.00
1962,ALGERIA,DZA,FRANCE,FRA,"UNKNOWN PROCESS
(OFTEN INDEPENDENCES)",10900000,2381741.00
1962,SAMOA,WSM,NEW ZEALAND,NZL,"UNKNOWN PROCESS
(OFTEN INDEPENDENCES)",116000,2823.00
1963,MEXICO,MEX,UNITED STATES,USA,"CESSION
(PART YIELDED TO OTHER ENTITY)",100,2.00
1963,,,NETHERLANDS,NLD,"CESSION
(PART YIELDED TO OTHER ENTITY)",.,1.00
1963,KENYA,KEN,UNITED KINGDOM,GBR,"UNKNOWN PROCESS
(OFTEN INDEPENDENCES)",8847000,582646.00
1963,ZANZIBAR,,UNITED KINGDOM,GBR,"UNKNOWN PROCESS
(OFTEN INDEPENDENCES)",329000,2642.00
1963,PAKISTAN,PAK,CHINA,CHN,"CESSION
(PART YIELDED TO OTHER ENTITY)",9136,1942.00
1963,MALAYSIA,MYS,UNITED KINGDOM,GBR,"UNIFICATION
(NEW ENTITY FROM 2+ PRE-EXISTING)",1733000,583.00
1963,MALAYSIA,MYS,UNITED KINGDOM,GBR,"UNIFICATION
(NEW ENTITY FROM 2+ PRE-EXISTING)",478000,76115.00
1963,MALAYSIA,MYS,UNITED KINGDOM,GBR,"UNIFICATION
(NEW ENTITY FROM 2+ PRE-EXISTING)",778000,124967.00
1963,INDONESIA,IDN,NETHERLANDS,NLD,"CESSION
(PART YIELDED TO OTHER ENTITY)",751000,412781.00
1964,MALTA,MLT,UNITED KINGDOM,GBR,"UNKNOWN PROCESS
(OFTEN INDEPENDENCES)",324000,316.00
1964,TANZANIA,TZA,ZANZIBAR,,"UNIFICATION
(NEW ENTITY FROM 2+ PRE-EXISTING)",11400000,942003.00
1964,ZAMBIA,ZMB,UNITED KINGDOM,GBR,"UNKNOWN PROCESS
(OFTEN INDEPENDENCES)",3600000,751936.00
1964,MALAWI,MWI,UNITED KINGDOM,GBR,"UNKNOWN PROCESS
(OFTEN INDEPENDENCES)",3845000,119311.00
1965,GAMBIA,GMB,UNITED KINGDOM,GBR,"UNKNOWN PROCESS
(OFTEN INDEPENDENCES)",330000,10368.00
1965,JORDAN,JOR,SAUDI ARABIA,SAU,"CESSION
(PART YIELDED TO OTHER ENTITY)",750,750.00
1965,SAUDI ARABIA,SAU,JORDAN,JOR,"CESSION
(PART YIELDED TO OTHER ENTITY)",750,750.00
1965,MALDIVES,MDV,UNITED KINGDOM,GBR,"UNKNOWN PROCESS
(OFTEN INDEPENDENCES)",98000,298.00
1965,SINGAPORE,SGP,MALAYSIA,MYS,"SECESSION
(ESTABLISH NEW INDEP. ENTITIES)",1865000,583.00
1966,BARBADOS,BRB,UNITED KINGDOM,GBR,"UNKNOWN PROCESS
(OFTEN INDEPENDENCES)",238000,430.00
1966,GUYANA,GUY,UNITED KINGDOM,GBR,"UNKNOWN PROCESS
(OFTEN INDEPENDENCES)",714223,210000.00
1966,LESOTHO,LSO,UNITED KINGDOM,GBR,"UNKNOWN PROCESS
(OFTEN INDEPENDENCES)",1080857,30340.00
1966,BOTSWANA,BWA,UNITED KINGDOM,GBR,"UNKNOWN PROCESS
(OFTEN INDEPENDENCES)",667000,575000.00
1967,ISRAEL,ISR,EGYPT,EGY,"CONQUEST
(ARMED FORCE)",418800,53242.00
1967,ISRAEL,ISR,SYRIA,SYR,"CONQUEST
(ARMED FORCE)",60000,1710.00
1967,ISRAEL,ISR,JORDAN,JOR,"CONQUEST
(ARMED FORCE)",674500,5878.00
1967,YEMEN PEOPLE'S REPUBLIC,,UNITED KINGDOM,GBR,"UNKNOWN PROCESS
(OFTEN INDEPENDENCES)",1250000,160300.00
1967,OMAN,OMN,UNITED KINGDOM,GBR,"CESSION
(PART YIELDED TO OTHER ENTITY)",85,73.00
1968,EQUATORIAL GUINEA,GNQ,SPAIN,ESP,"UNKNOWN PROCESS
(OFTEN INDEPENDENCES)",290000,28051.00
1968,ESWATINI,SWZ,UNITED KINGDOM,GBR,"UNKNOWN PROCESS
(OFTEN INDEPENDENCES)",442195,17400.00
1968,MAURITIUS,MUS,UNITED KINGDOM,GBR,"UNKNOWN PROCESS
(OFTEN INDEPENDENCES)",830700,1865.00
1968,JAPAN,JPN,UNITED STATES,USA,"CESSION
(PART YIELDED TO OTHER ENTITY)",.,100.00
1968,INDIA,IND,PAKISTAN,PAK,"CESSION
(PART YIELDED TO OTHER ENTITY)",.,7000.00
1968,PAKISTAN,PAK,INDIA,IND,"CESSION
(PART YIELDED TO OTHER ENTITY)",187200,780.00
1968,NAURU,NRU,AUSTRALIA,AUS,"UNKNOWN PROCESS
(OFTEN INDEPENDENCES)",6603,22.00
1969,MOROCCO,MAR,SPAIN,ESP,"CESSION
(PART YIELDED TO OTHER ENTITY)",51517,1505.00
1969,SAUDI ARABIA,SAU,KUWAIT,KWT,"CESSION
(PART YIELDED TO OTHER ENTITY)",2080,2850.00
1969,KUWAIT,KWT,SAUDI ARABIA,SAU,"CESSION
(PART YIELDED TO OTHER ENTITY)",2080,2850.00
1970,FIJI,FJI,UNITED KINGDOM,GBR,"UNKNOWN PROCESS
(OFTEN INDEPENDENCES)",524457,18272.00
1970,TONGA,TON,UNITED KINGDOM,GBR,"UNKNOWN PROCESS
(OFTEN INDEPENDENCES)",87406,700.00
1971,NICARAGUA,NIC,UNITED STATES,USA,"CESSION
(PART YIELDED TO OTHER ENTITY)",2116,6.00
1971,IRAN,IRN,UNITED ARAB EMIRATES,ARE,"CONQUEST
(ARMED FORCE)",100,1.00
1971,IRAN,IRN,UNITED ARAB EMIRATES,ARE,"ANNEXATION
(UNILATERAL)",100,1.00
1971,BAHRAIN,BHR,UNITED KINGDOM,GBR,"UNKNOWN PROCESS
(OFTEN INDEPENDENCES)",216815,723.00
1971,QATAR,QAT,UNITED KINGDOM,GBR,"UNKNOWN PROCESS
(OFTEN INDEPENDENCES)",160000,11000.00
1971,UNITED ARAB EMIRATES,ARE,UNITED ARAB EMIRATES,ARE,"UNIFICATION
(NEW ENTITY FROM 2+ PRE-EXISTING)",154656,90410.00
1971,INDIA,IND,PAKISTAN,PAK,"CONQUEST
(ARMED FORCE)",5000000,13361.00
1971,PAKISTAN,PAK,INDIA,IND,"CONQUEST
(ARMED FORCE)",75600,315.00
1971,BANGLADESH,BGD,PAKISTAN,PAK,"SECESSION
(ESTABLISH NEW INDEP. ENTITIES)",71300000,144020.00
1972,HONDURAS,HND,UNITED STATES,USA,"CESSION
(PART YIELDED TO OTHER ENTITY)",.,3.00
1972,YEMEN ARAB REPUBLIC,,YEMEN PEOPLE'S REPUBLIC,,"ANNEXATION
(UNILATERAL)",1000,182.00
1972,UNITED ARAB EMIRATES,ARE,UNITED ARAB EMIRATES,ARE,"UNIFICATION
(NEW ENTITY FROM 2+ PRE-EXISTING)",24482,1690.00
1972,JAPAN,JPN,UNITED STATES,USA,"CESSION
(PART YIELDED TO OTHER ENTITY)",934176,848.00
1972,INDIA,IND,PAKISTAN,PAK,"CESSION
(PART YIELDED TO OTHER ENTITY)",.,179.00
1972,PAKISTAN,PAK,INDIA,IND,"CESSION
(PART YIELDED TO OTHER ENTITY)",3506160,14609.00
1973,BAHAMAS,BHS,UNITED KINGDOM,GBR,"UNKNOWN PROCESS
(OFTEN INDEPENDENCES)",168812,13864.00
1973,LIBYA,LBY,CHAD,TCD,"CONQUEST
(ARMED FORCE)",78000,78000.00
1973,ISRAEL,ISR,SYRIA,SYR,"CONQUEST
(ARMED FORCE)",15000,780.00
1974,GRENADA,GRD,UNITED KINGDOM,GBR,"UNKNOWN PROCESS
(OFTEN INDEPENDENCES)",107779,344.00
1974,GUINEA-BISSAU,GNB,PORTUGAL,PRT,"UNKNOWN PROCESS
(OFTEN INDEPENDENCES)",487448,36125.00
1974,TURKEY,TUR,CYPRUS,CYP,"CONQUEST
(ARMED FORCE)",250000,3640.00
1974,EGYPT,EGY,ISRAEL,ISR,"CESSION
(PART YIELDED TO OTHER ENTITY)",1000,1000.00
1974,SRI LANKA,LKA,INDIA,IND,"CESSION
(PART YIELDED TO OTHER ENTITY)",100,1.00
1975,SURINAME,SUR,NETHERLANDS,NLD,"UNKNOWN PROCESS
(OFTEN INDEPENDENCES)",414000,163265.00
1975,CAPE VERDE,CPV,PORTUGAL,PRT,"UNKNOWN PROCESS
(OFTEN INDEPENDENCES)",272071,4033.00
1975,SO TOM & PRNCIPE,STP,PORTUGAL,PRT,"UNKNOWN PROCESS
(OFTEN INDEPENDENCES)",76430,964.00
1975,ANGOLA,AGO,PORTUGAL,PRT,"UNKNOWN PROCESS
(OFTEN INDEPENDENCES)",5673046,1246700.00
1975,MOZAMBIQUE,MOZ,PORTUGAL,PRT,"UNKNOWN PROCESS
(OFTEN INDEPENDENCES)",8233834,784961.00
1975,COMOROS,COM,FRANCE,FRA,"UNKNOWN PROCESS
(OFTEN INDEPENDENCES)",252000,1862.00
1975,IRAQ,IRQ,SAUDI ARABIA,SAU,"CESSION
(PART YIELDED TO OTHER ENTITY)",.,3500.00
1975,EGYPT,EGY,ISRAEL,ISR,"CESSION
(PART YIELDED TO OTHER ENTITY)",2000,20000.00
1975,SAUDI ARABIA,SAU,IRAQ,IRQ,"CESSION
(PART YIELDED TO OTHER ENTITY)",2000,3500.00
1975,VIETNAM,VNM,REPUBLIC OF VIETNAM,,"CONQUEST
(ARMED FORCE)",18300000,174481.00
1975,PAPUA NEW GUINEA,PNG,AUSTRALIA,AUS,"UNKNOWN PROCESS
(OFTEN INDEPENDENCES)",2600000,462840.00
1976,FRANCE,FRA,COMOROS,COM,"SECESSION
(ESTABLISH NEW INDEP. ENTITIES)",38000,374.00
1976,MAURITANIA,MRT,SPAIN,ESP,"CESSION
(PART YIELDED TO OTHER ENTITY)",.,88667.00
1976,SEYCHELLES,SYC,UNITED KINGDOM,GBR,"UNKNOWN PROCESS
(OFTEN INDEPENDENCES)",59000,404.00
1976,SEYCHELLES,SYC,UNITED KINGDOM,GBR,"CESSION
(PART YIELDED TO OTHER ENTITY)",.,27.00
1976,MOROCCO,MAR,SPAIN,ESP,"CESSION
(PART YIELDED TO OTHER ENTITY)",.,177667.00
1976,SYRIA,SYR,ISRAEL,ISR,"CESSION
(PART YIELDED TO OTHER ENTITY)",.,780.00
1976,INDONESIA,IDN,PORTUGAL,PRT,"CONQUEST
(ARMED FORCE)",610541,14984.00
1977,DJIBOUTI,DJI,FRANCE,FRA,"UNKNOWN PROCESS
(OFTEN INDEPENDENCES)",300000,23000.00
1978,DOMINICA,DMA,UNITED KINGDOM,GBR,"UNKNOWN PROCESS
(OFTEN INDEPENDENCES)",78000,728.00
1978,PANAMA,PAN,UNITED STATES,USA,"CESSION
(PART YIELDED TO OTHER ENTITY)",41800,1676.00
1978,SOLOMON ISLANDS,SLB,UNITED KINGDOM,GBR,"UNKNOWN PROCESS
(OFTEN INDEPENDENCES)",196823,29785.00
1978,TUVALU,TUV,UNITED KINGDOM,GBR,"UNKNOWN PROCESS
(OFTEN INDEPENDENCES)",5887,24.00
1979,ST. LUCIA,LCA,UNITED KINGDOM,GBR,"UNKNOWN PROCESS
(OFTEN INDEPENDENCES)",121000,616.00
1979,ST. VINCENT & GRENADINES,VCT,UNITED KINGDOM,GBR,"UNKNOWN PROCESS
(OFTEN INDEPENDENCES)",120000,389.00
1979,EGYPT,EGY,ISRAEL,ISR,"CESSION
(PART YIELDED TO OTHER ENTITY)",2000,20000.00
1979,KIRIBATI,KIR,UNITED KINGDOM,GBR,"UNKNOWN PROCESS
(OFTEN INDEPENDENCES)",57816,572.00
1980,ZIMBABWE,ZWE,UNITED KINGDOM,GBR,"UNKNOWN PROCESS
(OFTEN INDEPENDENCES)",7360000,390622.00
1980,MOROCCO,MAR,MAURITANIA,MRT,"CESSION
(PART YIELDED TO OTHER ENTITY)",100000,88667.00
1980,VANUATU,VUT,FRANCE,FRA,"UNKNOWN PROCESS
(OFTEN INDEPENDENCES)",97468,14760.00
1981,COLOMBIA,COL,UNITED STATES,USA,"CESSION
(PART YIELDED TO OTHER ENTITY)",0,10.00
1981,BELIZE,BLZ,UNITED KINGDOM,GBR,"UNKNOWN PROCESS
(OFTEN INDEPENDENCES)",148300,22800.00
1981,ANTIGUA & BARBUDA,ATG,UNITED KINGDOM,GBR,"UNKNOWN PROCESS
(OFTEN INDEPENDENCES)",77000,440.00
1981,IRAQ,IRQ,,,"CESSION
(PART YIELDED TO OTHER ENTITY)",0,3333.00
1981,SAUDI ARABIA,SAU,,,"CESSION
(PART YIELDED TO OTHER ENTITY)",0,3333.00
1983,ST. KITTS & NEVIS,KNA,UNITED KINGDOM,GBR,"UNKNOWN PROCESS
(OFTEN INDEPENDENCES)",44500,360.00
1984,BRUNEI,BRN,UNITED KINGDOM,GBR,"UNKNOWN PROCESS
(OFTEN INDEPENDENCES)",215000,5270.00
1984,CHILE,CHL,,,"CESSION
(PART YIELDED TO OTHER ENTITY)",0,1079.00
1984,ARGENTINA,ARG,,,"CESSION
(PART YIELDED TO OTHER ENTITY)",0,1083.00
1986,MARSHALL ISLANDS,MHL,UNITED STATES,USA,"UNKNOWN PROCESS
(OFTEN INDEPENDENCES)",40000,181.00
1986,MICRONESIA (FEDERATED STATES OF),FSM,UNITED STATES,USA,"UNKNOWN PROCESS
(OFTEN INDEPENDENCES)",95000,702.00
1986,MALI,MLI,BURKINA FASO,BFA,"CESSION
(PART YIELDED TO OTHER ENTITY)",65000,1553.00
1989,EGYPT,EGY,ISRAEL,ISR,"CESSION
(PART YIELDED TO OTHER ENTITY)",0,1.00
1990,NAMIBIA,NAM,SOUTH AFRICA,ZAF,"UNKNOWN PROCESS
(OFTEN INDEPENDENCES)",1372000,823290.00
1990,YEMEN,YEM,YEMEN PEOPLE'S REPUBLIC,,"UNIFICATION
(NEW ENTITY FROM 2+ PRE-EXISTING)",2488000,329111.00
1990,GERMANY,DEU,GERMAN DEMOCRATIC REPUBLIC,,"UNIFICATION
(NEW ENTITY FROM 2+ PRE-EXISTING)",16600000,108333.00
1991,GEORGIA,GEO,RUSSIA,RUS,"SECESSION
(ESTABLISH NEW INDEP. ENTITIES)",5500000,69700.00
1991,CROATIA,HRV,YUGOSLAVIA,,"SECESSION
(ESTABLISH NEW INDEP. ENTITIES)",4763000,56410.00
1991,SLOVENIA,SVN,YUGOSLAVIA,,"SECESSION
(ESTABLISH NEW INDEP. ENTITIES)",1974000,20256.00
1991,MOLDOVA,MDA,RUSSIA,RUS,"SECESSION
(ESTABLISH NEW INDEP. ENTITIES)",4350000,33700.00
1991,BELARUS,BLR,RUSSIA,RUS,"SECESSION
(ESTABLISH NEW INDEP. ENTITIES)",10200000,207600.00
1991,AZERBAIJAN,AZE,RUSSIA,RUS,"SECESSION
(ESTABLISH NEW INDEP. ENTITIES)",7200000,86600.00
1991,KYRGYZSTAN,KGZ,RUSSIA,RUS,"SECESSION
(ESTABLISH NEW INDEP. ENTITIES)",4375000,198500.00
1991,UZBEKISTAN,UZB,RUSSIA,RUS,"SECESSION
(ESTABLISH NEW INDEP. ENTITIES)",20300000,447400.00
1991,ESTONIA,EST,RUSSIA,RUS,"SECESSION
(ESTABLISH NEW INDEP. ENTITIES)",1581000,45227.00
1991,LATVIA,LVA,RUSSIA,RUS,"SECESSION
(ESTABLISH NEW INDEP. ENTITIES)",2600000,64610.00
1991,LITHUANIA,LTU,RUSSIA,RUS,"SECESSION
(ESTABLISH NEW INDEP. ENTITIES)",3754000,65301.00
1991,ARMENIA,ARM,RUSSIA,RUS,"SECESSION
(ESTABLISH NEW INDEP. ENTITIES)",3450000,28400.00
1991,TAJIKISTAN,TJK,RUSSIA,RUS,"SECESSION
(ESTABLISH NEW INDEP. ENTITIES)",5250000,143100.00
1991,TURKMENISTAN,TKM,RUSSIA,RUS,"SECESSION
(ESTABLISH NEW INDEP. ENTITIES)",3600000,488100.00
1993,NORTH MACEDONIA,MKD,YUGOSLAVIA,,"SECESSION
(ESTABLISH NEW INDEP. ENTITIES)",2109000,24856.00
1991,UKRAINE,UKR,RUSSIA,RUS,"SECESSION
(ESTABLISH NEW INDEP. ENTITIES)",52000000,603700.00
1991,KAZAKHSTAN,KAZ,RUSSIA,RUS,"SECESSION
(ESTABLISH NEW INDEP. ENTITIES)",16700000,2717300.00
1992,BOSNIA & HERZEGOVINA,BIH,YUGOSLAVIA,,"SECESSION
(ESTABLISH NEW INDEP. ENTITIES)",4455000,51107.00
1992,EL SALVADOR,SLV,,,"CESSION
(PART YIELDED TO OTHER ENTITY)",36000,147.00
1992,HONDURAS,HND,,,"CESSION
(PART YIELDED TO OTHER ENTITY)",13000,293.00
1992,YEMEN,YEM,OMAN,OMN,"CESSION
(PART YIELDED TO OTHER ENTITY)",0,1875.00
1992,OMAN,OMN,YEMEN,YEM,"CESSION
(PART YIELDED TO OTHER ENTITY)",0,1250.00
1992,BANGLADESH,BGD,INDIA,IND,"CESSION
(PART YIELDED TO OTHER ENTITY)",20,1.00
1993,CZECHIA,CZE,CZECHOSLOVAKIA,,"SECESSION
(ESTABLISH NEW INDEP. ENTITIES)",10300000,79228.00
1993,SLOVAKIA,SVK,CZECHOSLOVAKIA,,"SECESSION
(ESTABLISH NEW INDEP. ENTITIES)",5200000,48666.00
1993,ERITREA,ERI,ETHIOPIA,ETH,"SECESSION
(ESTABLISH NEW INDEP. ENTITIES)",3000000,124993.00
1993,KUWAIT,KWT,IRAQ,IRQ,"CESSION
(PART YIELDED TO OTHER ENTITY)",0,.
1994,NAMIBIA,NAM,SOUTH AFRICA,ZAF,"CESSION
(PART YIELDED TO OTHER ENTITY)",30000,1124.00
1994,PALAU,PLW,UNITED STATES,USA,"UNKNOWN PROCESS
(OFTEN INDEPENDENCES)",15600,487.00
1995,JORDAN,JOR,ISRAEL,ISR,"CESSION
(PART YIELDED TO OTHER ENTITY)",0,340.00
1996,CHINA,CHN,RUSSIA,RUS,"CESSION
(PART YIELDED TO OTHER ENTITY)",0,18.00
1997,CZECHIA,CZE,SLOVAKIA,SVK,"CESSION
(PART YIELDED TO OTHER ENTITY)",31,4.52
1997,SLOVAKIA,SVK,CZECHIA,CZE,"CESSION
(PART YIELDED TO OTHER ENTITY)",120,4.52
1997,CHINA,CHN,UNITED KINGDOM,GBR,"CESSION
(PART YIELDED TO OTHER ENTITY)",6700000,1084.00
1998,CHINA,CHN,KAZAKHSTAN,KAZ,"CESSION
(PART YIELDED TO OTHER ENTITY)",.,470.00
1998,UKRAINE,UKR,MOLDOVA,MDA,"CESSION
(PART YIELDED TO OTHER ENTITY)",0,1.00
1998,MOLDOVA,MDA,UKRAINE,UKR,"CESSION
(PART YIELDED TO OTHER ENTITY)",0,1.00
1999,RUSSIA,RUS,ESTONIA,EST,"CESSION
(PART YIELDED TO OTHER ENTITY)",0,30.00
1999,ESTONIA,EST,RUSSIA,RUS,"CESSION
(PART YIELDED TO OTHER ENTITY)",0,30.00
1999,,,INDONESIA,IDN,"CESSION
(PART YIELDED TO OTHER ENTITY)",780000,14926.00
1999,CHINA,CHN,PORTUGAL,PRT,"CESSION
(PART YIELDED TO OTHER ENTITY)",447000,21.45
1991,BOTSWANA,BWA,,,"CONQUEST
(ARMED FORCE)",0,5.00
2000,EGYPT,EGY,SUDAN,SDN,"CONQUEST
(ARMED FORCE)",5000,20580.00
2002,TIMOR-LESTE,TLS,,,"UNKNOWN PROCESS
(OFTEN INDEPENDENCES)",950000,14926.00
2003,NIGERIA,NGA,CAMEROON,CMR,"CESSION
(PART YIELDED TO OTHER ENTITY)",.,.
2003,CAMEROON,CMR,NIGERIA,NGA,"CESSION
(PART YIELDED TO OTHER ENTITY)",.,.
2004,YEMEN,YEM,SAUDI ARABIA,SAU,"CESSION
(PART YIELDED TO OTHER ENTITY)",.,40000.00
2006,MONTENEGRO,MNE,YUGOSLAVIA,,"SECESSION
(ESTABLISH NEW INDEP. ENTITIES)",650000,13812.00
2008,CAMEROON,CMR,NIGERIA,NGA,"CESSION
(PART YIELDED TO OTHER ENTITY)",300000,665.00
2008,CHINA,CHN,RUSSIA,RUS,"CESSION
(PART YIELDED TO OTHER ENTITY)",0,174.00
2011,CHINA,CHN,TAJIKISTAN,TJK,"CESSION
(PART YIELDED TO OTHER ENTITY)",.,1142.00
2011,SOUTH SUDAN,SSD,SUDAN,SDN,"UNKNOWN PROCESS
(OFTEN INDEPENDENCES)",8260000,619745
2014,RUSSIA,RUS,UKRAINE,UKR,"CONQUEST
(ARMED FORCE)",2400000,27000.00
2008,KOSOVO,,YUGOSLAVIA,,"UNKNOWN PROCESS
(OFTEN INDEPENDENCES)",1747383,10887.00
2015,INDIA,IND,BANGLADESH,BGD,"UNKNOWN PROCESS
(OFTEN INDEPENDENCES)",51000,69.44
2015,BANGLADESH,BGD,INDIA,IND,"UNKNOWN PROCESS
(OFTEN INDEPENDENCES)",51000,28.77
1954,INDIA,IND,PORTUGAL,PRT,"ANNEXATION
(UNILATERAL)",57963,491.00
1999,BOTSWANA,BWA,NAMIBIA,NAM,"CESSION
(PART YIELDED TO OTHER ENTITY)",0,5.00
